"7208100000","098201","EU","0.00","","","","",""
"7208250000","098201","EU","0.00","","","","",""
"7208260000","098201","EU","0.00","","","","",""
"7208270000","098201","EU","0.00","","","","",""
"7208360000","098201","EU","0.00","","","","",""
"7208370000","098201","EU","0.00","","","","",""
"7208380000","098201","EU","0.00","","","","",""
"7208390000","098201","EU","0.00","","","","",""
"7208400000","098201","EU","0.00","","","","",""
"7208521000","098201","EU","0.00","","","","",""
"7208529900","098201","EU","0.00","","","","",""
"7208531000","098201","EU","0.00","","","","",""
"7208539000","098201","EU","0.00","","","","",""
"7208540000","098201","EU","0.00","","","","",""
"7211130000","098201","EU","0.00","","","","",""
"7211140000","098201","EU","0.00","","","","",""
"7211190000","098201","EU","0.00","","","","",""
"7212600000","098201","EU","0.00","","","","",""
"7225191000","098201","EU","0.00","","","","",""
"7225301000","098201","EU","0.00","","","","",""
"7225303000","098201","EU","0.00","","","","",""
"7225309000","098201","EU","0.00","","","","",""
"7225401500","098201","EU","0.00","","","","",""
"7225409000","098201","EU","0.00","","","","",""
"7226191000","098201","EU","0.00","","","","",""
"7226912000","098201","EU","0.00","","","","",""
"7226919100","098201","EU","0.00","","","","",""
"7226919900","098201","EU","0.00","","","","",""
"7208100000","098202","TR","0.00","","","","",""
"7208250000","098202","TR","0.00","","","","",""
"7208260000","098202","TR","0.00","","","","",""
"7208270000","098202","TR","0.00","","","","",""
"7208360000","098202","TR","0.00","","","","",""
"7208370000","098202","TR","0.00","","","","",""
"7208380000","098202","TR","0.00","","","","",""
"7208390000","098202","TR","0.00","","","","",""
"7208400000","098202","TR","0.00","","","","",""
"7208521000","098202","TR","0.00","","","","",""
"7208529900","098202","TR","0.00","","","","",""
"7208531000","098202","TR","0.00","","","","",""
"7208539000","098202","TR","0.00","","","","",""
"7208540000","098202","TR","0.00","","","","",""
"7211130000","098202","TR","0.00","","","","",""
"7211140000","098202","TR","0.00","","","","",""
"7211190000","098202","TR","0.00","","","","",""
"7212600000","098202","TR","0.00","","","","",""
"7225191000","098202","TR","0.00","","","","",""
"7225301000","098202","TR","0.00","","","","",""
"7225303000","098202","TR","0.00","","","","",""
"7225309000","098202","TR","0.00","","","","",""
"7225401500","098202","TR","0.00","","","","",""
"7225409000","098202","TR","0.00","","","","",""
"7226191000","098202","TR","0.00","","","","",""
"7226912000","098202","TR","0.00","","","","",""
"7226919100","098202","TR","0.00","","","","",""
"7226919900","098202","TR","0.00","","","","",""
"7208100000","098602","5002","0.00","","","","",""
"7208250000","098602","5002","0.00","","","","",""
"7208260000","098602","5002","0.00","","","","",""
"7208270000","098602","5002","0.00","","","","",""
"7208360000","098602","5002","0.00","","","","",""
"7208370000","098602","5002","0.00","","","","",""
"7208380000","098602","5002","0.00","","","","",""
"7208390000","098602","5002","0.00","","","","",""
"7208400000","098602","5002","0.00","","","","",""
"7208521000","098602","5002","0.00","","","","",""
"7208529900","098602","5002","0.00","","","","",""
"7208531000","098602","5002","0.00","","","","",""
"7208539000","098602","5002","0.00","","","","",""
"7208540000","098602","5002","0.00","","","","",""
"7211130000","098602","5002","0.00","","","","",""
"7211140000","098602","5002","0.00","","","","",""
"7211190000","098602","5002","0.00","","","","",""
"7212600000","098602","5002","0.00","","","","",""
"7225191000","098602","5002","0.00","","","","",""
"7225301000","098602","5002","0.00","","","","",""
"7225303000","098602","5002","0.00","","","","",""
"7225309000","098602","5002","0.00","","","","",""
"7225401500","098602","5002","0.00","","","","",""
"7225409000","098602","5002","0.00","","","","",""
"7226191000","098602","5002","0.00","","","","",""
"7226912000","098602","5002","0.00","","","","",""
"7226919100","098602","5002","0.00","","","","",""
"7226919900","098602","5002","0.00","","","","",""
"7209150000","098203","EU","0.00","","","","",""
"7209169000","098203","EU","0.00","","","","",""
"7209179000","098203","EU","0.00","","","","",""
"7209189100","098203","EU","0.00","","","","",""
"7209250000","098203","EU","0.00","","","","",""
"7209269000","098203","EU","0.00","","","","",""
"7209279000","098203","EU","0.00","","","","",""
"7209289000","098203","EU","0.00","","","","",""
"7209902000","098203","EU","0.00","","","","",""
"7209908000","098203","EU","0.00","","","","",""
"7211232000","098203","EU","0.00","","","","",""
"7211233000","098203","EU","0.00","","","","",""
"7211238000","098203","EU","0.00","","","","",""
"7211290000","098203","EU","0.00","","","","",""
"7211902000","098203","EU","0.00","","","","",""
"7211908000","098203","EU","0.00","","","","",""
"7225502000","098203","EU","0.00","","","","",""
"7225508000","098203","EU","0.00","","","","",""
"7226200000","098203","EU","0.00","","","","",""
"7226920000","098203","EU","0.00","","","","",""
"7209150000","098802","KR","0.00","","","","",""
"7209169000","098802","KR","0.00","","","","",""
"7209179000","098802","KR","0.00","","","","",""
"7209189100","098802","KR","0.00","","","","",""
"7209250000","098802","KR","0.00","","","","",""
"7209269000","098802","KR","0.00","","","","",""
"7209279000","098802","KR","0.00","","","","",""
"7209289000","098802","KR","0.00","","","","",""
"7209902000","098802","KR","0.00","","","","",""
"7209908000","098802","KR","0.00","","","","",""
"7211232000","098802","KR","0.00","","","","",""
"7211233000","098802","KR","0.00","","","","",""
"7211238000","098802","KR","0.00","","","","",""
"7211290000","098802","KR","0.00","","","","",""
"7211902000","098802","KR","0.00","","","","",""
"7211908000","098802","KR","0.00","","","","",""
"7225502000","098802","KR","0.00","","","","",""
"7225508000","098802","KR","0.00","","","","",""
"7226200000","098802","KR","0.00","","","","",""
"7226920000","098802","KR","0.00","","","","",""
"7209150000","098801","IN","0.00","","","","",""
"7209169000","098801","IN","0.00","","","","",""
"7209179000","098801","IN","0.00","","","","",""
"7209189100","098801","IN","0.00","","","","",""
"7209250000","098801","IN","0.00","","","","",""
"7209269000","098801","IN","0.00","","","","",""
"7209279000","098801","IN","0.00","","","","",""
"7209289000","098801","IN","0.00","","","","",""
"7209902000","098801","IN","0.00","","","","",""
"7209908000","098801","IN","0.00","","","","",""
"7211232000","098801","IN","0.00","","","","",""
"7211233000","098801","IN","0.00","","","","",""
"7211238000","098801","IN","0.00","","","","",""
"7211290000","098801","IN","0.00","","","","",""
"7211902000","098801","IN","0.00","","","","",""
"7211908000","098801","IN","0.00","","","","",""
"7225502000","098801","IN","0.00","","","","",""
"7225508000","098801","IN","0.00","","","","",""
"7226200000","098801","IN","0.00","","","","",""
"7226920000","098801","IN","0.00","","","","",""
"7209150000","098604","5002","0.00","","","","",""
"7209169000","098604","5002","0.00","","","","",""
"7209179000","098604","5002","0.00","","","","",""
"7209189100","098604","5002","0.00","","","","",""
"7209250000","098604","5002","0.00","","","","",""
"7209269000","098604","5002","0.00","","","","",""
"7209279000","098604","5002","0.00","","","","",""
"7209289000","098604","5002","0.00","","","","",""
"7209902000","098604","5002","0.00","","","","",""
"7209908000","098604","5002","0.00","","","","",""
"7211232000","098604","5002","0.00","","","","",""
"7211233000","098604","5002","0.00","","","","",""
"7211238000","098604","5002","0.00","","","","",""
"7211290000","098604","5002","0.00","","","","",""
"7211902000","098604","5002","0.00","","","","",""
"7211908000","098604","5002","0.00","","","","",""
"7225502000","098604","5002","0.00","","","","",""
"7225508000","098604","5002","0.00","","","","",""
"7226200000","098604","5002","0.00","","","","",""
"7226920000","098604","5002","0.00","","","","",""
"7210708000","098204","EU","0.00","","","","",""
"7212408000","098204","EU","0.00","","","","",""
"7210708000","098827","KR","0.00","","","","",""
"7212408000","098827","KR","0.00","","","","",""
"7210708000","098614","5002","0.00","","","","",""
"7212408000","098614","5002","0.00","","","","",""
"7209189900","098205","EU","0.00","","","","",""
"7210110000","098205","EU","0.00","","","","",""
"7210122000","098205","EU","0.00","","","","",""
"7210128000","098205","EU","0.00","","","","",""
"7210500000","098205","EU","0.00","","","","",""
"7210701000","098205","EU","0.00","","","","",""
"7210904000","098205","EU","0.00","","","","",""
"7212101000","098205","EU","0.00","","","","",""
"7212109000","098205","EU","0.00","","","","",""
"7212402000","098205","EU","0.00","","","","",""
"7209189900","098831","CN","0.00","","","","",""
"7210110000","098831","CN","0.00","","","","",""
"7210122000","098831","CN","0.00","","","","",""
"7210128000","098831","CN","0.00","","","","",""
"7210500000","098831","CN","0.00","","","","",""
"7210701000","098831","CN","0.00","","","","",""
"7210904000","098831","CN","0.00","","","","",""
"7212101000","098831","CN","0.00","","","","",""
"7212109000","098831","CN","0.00","","","","",""
"7212402000","098831","CN","0.00","","","","",""
"7209189900","098616","5002","0.00","","","","",""
"7210110000","098616","5002","0.00","","","","",""
"7210122000","098616","5002","0.00","","","","",""
"7210128000","098616","5002","0.00","","","","",""
"7210500000","098616","5002","0.00","","","","",""
"7210701000","098616","5002","0.00","","","","",""
"7210904000","098616","5002","0.00","","","","",""
"7212101000","098616","5002","0.00","","","","",""
"7212109000","098616","5002","0.00","","","","",""
"7212402000","098616","5002","0.00","","","","",""
"7208512000","098206","EU","0.00","","","","",""
"7208519100","098206","EU","0.00","","","","",""
"7208519800","098206","EU","0.00","","","","",""
"7208529100","098206","EU","0.00","","","","",""
"7208902000","098206","EU","0.00","","","","",""
"7208908000","098206","EU","0.00","","","","",""
"7210903000","098206","EU","0.00","","","","",""
"7225401200","098206","EU","0.00","","","","",""
"7225404000","098206","EU","0.00","","","","",""
"7225406000","098206","EU","0.00","","","","",""
"7208512000","098836","UA","0.00","","","","",""
"7208519100","098836","UA","0.00","","","","",""
"7208519800","098836","UA","0.00","","","","",""
"7208529100","098836","UA","0.00","","","","",""
"7208902000","098836","UA","0.00","","","","",""
"7208908000","098836","UA","0.00","","","","",""
"7210903000","098836","UA","0.00","","","","",""
"7225401200","098836","UA","0.00","","","","",""
"7225404000","098836","UA","0.00","","","","",""
"7225406000","098836","UA","0.00","","","","",""
"7208512000","098618","5002","0.00","","","","",""
"7208519100","098618","5002","0.00","","","","",""
"7208519800","098618","5002","0.00","","","","",""
"7208529100","098618","5002","0.00","","","","",""
"7208902000","098618","5002","0.00","","","","",""
"7208908000","098618","5002","0.00","","","","",""
"7210903000","098618","5002","0.00","","","","",""
"7225401200","098618","5002","0.00","","","","",""
"7225404000","098618","5002","0.00","","","","",""
"7225406000","098618","5002","0.00","","","","",""
"7214300000","098207","EU","0.00","","","","",""
"7214911000","098207","EU","0.00","","","","",""
"7214919000","098207","EU","0.00","","","","",""
"7214993100","098207","EU","0.00","","","","",""
"7214993900","098207","EU","0.00","","","","",""
"7214995000","098207","EU","0.00","","","","",""
"7214997100","098207","EU","0.00","","","","",""
"7214997900","098207","EU","0.00","","","","",""
"7214999500","098207","EU","0.00","","","","",""
"7215900000","098207","EU","0.00","","","","",""
"7216100000","098207","EU","0.00","","","","",""
"7216210000","098207","EU","0.00","","","","",""
"7216220000","098207","EU","0.00","","","","",""
"7216401000","098207","EU","0.00","","","","",""
"7216409000","098207","EU","0.00","","","","",""
"7216501000","098207","EU","0.00","","","","",""
"7216509100","098207","EU","0.00","","","","",""
"7216509900","098207","EU","0.00","","","","",""
"7216990000","098207","EU","0.00","","","","",""
"7228102000","098207","EU","0.00","","","","",""
"7228201000","098207","EU","0.00","","","","",""
"7228209100","098207","EU","0.00","","","","",""
"7228302000","098207","EU","0.00","","","","",""
"7228304100","098207","EU","0.00","","","","",""
"7228304900","098207","EU","0.00","","","","",""
"7228306100","098207","EU","0.00","","","","",""
"7228306900","098207","EU","0.00","","","","",""
"7228307000","098207","EU","0.00","","","","",""
"7228308900","098207","EU","0.00","","","","",""
"7228602000","098207","EU","0.00","","","","",""
"7228608000","098207","EU","0.00","","","","",""
"7228701000","098207","EU","0.00","","","","",""
"7228709000","098207","EU","0.00","","","","",""
"7228800000","098207","EU","0.00","","","","",""
"7214300000","098862","TR","0.00","","","","",""
"7214911000","098862","TR","0.00","","","","",""
"7214919000","098862","TR","0.00","","","","",""
"7214993100","098862","TR","0.00","","","","",""
"7214993900","098862","TR","0.00","","","","",""
"7214995000","098862","TR","0.00","","","","",""
"7214997100","098862","TR","0.00","","","","",""
"7214997900","098862","TR","0.00","","","","",""
"7214999500","098862","TR","0.00","","","","",""
"7215900000","098862","TR","0.00","","","","",""
"7216100000","098862","TR","0.00","","","","",""
"7216210000","098862","TR","0.00","","","","",""
"7216220000","098862","TR","0.00","","","","",""
"7216401000","098862","TR","0.00","","","","",""
"7216409000","098862","TR","0.00","","","","",""
"7216501000","098862","TR","0.00","","","","",""
"7216509100","098862","TR","0.00","","","","",""
"7216509900","098862","TR","0.00","","","","",""
"7216990000","098862","TR","0.00","","","","",""
"7228102000","098862","TR","0.00","","","","",""
"7228201000","098862","TR","0.00","","","","",""
"7228209100","098862","TR","0.00","","","","",""
"7228302000","098862","TR","0.00","","","","",""
"7228304100","098862","TR","0.00","","","","",""
"7228304900","098862","TR","0.00","","","","",""
"7228306100","098862","TR","0.00","","","","",""
"7228306900","098862","TR","0.00","","","","",""
"7228307000","098862","TR","0.00","","","","",""
"7228308900","098862","TR","0.00","","","","",""
"7228602000","098862","TR","0.00","","","","",""
"7228608000","098862","TR","0.00","","","","",""
"7228701000","098862","TR","0.00","","","","",""
"7228709000","098862","TR","0.00","","","","",""
"7228800000","098862","TR","0.00","","","","",""
"7214300000","098626","5002","0.00","","","","",""
"7214911000","098626","5002","0.00","","","","",""
"7214919000","098626","5002","0.00","","","","",""
"7214993100","098626","5002","0.00","","","","",""
"7214993900","098626","5002","0.00","","","","",""
"7214995000","098626","5002","0.00","","","","",""
"7214997100","098626","5002","0.00","","","","",""
"7214997900","098626","5002","0.00","","","","",""
"7214999500","098626","5002","0.00","","","","",""
"7215900000","098626","5002","0.00","","","","",""
"7216100000","098626","5002","0.00","","","","",""
"7216210000","098626","5002","0.00","","","","",""
"7216220000","098626","5002","0.00","","","","",""
"7216401000","098626","5002","0.00","","","","",""
"7216409000","098626","5002","0.00","","","","",""
"7216501000","098626","5002","0.00","","","","",""
"7216509100","098626","5002","0.00","","","","",""
"7216509900","098626","5002","0.00","","","","",""
"7216990000","098626","5002","0.00","","","","",""
"7228102000","098626","5002","0.00","","","","",""
"7228201000","098626","5002","0.00","","","","",""
"7228209100","098626","5002","0.00","","","","",""
"7228302000","098626","5002","0.00","","","","",""
"7228304100","098626","5002","0.00","","","","",""
"7228304900","098626","5002","0.00","","","","",""
"7228306100","098626","5002","0.00","","","","",""
"7228306900","098626","5002","0.00","","","","",""
"7228307000","098626","5002","0.00","","","","",""
"7228308900","098626","5002","0.00","","","","",""
"7228602000","098626","5002","0.00","","","","",""
"7228608000","098626","5002","0.00","","","","",""
"7228701000","098626","5002","0.00","","","","",""
"7228709000","098626","5002","0.00","","","","",""
"7228800000","098626","5002","0.00","","","","",""
"7222111100","098210","EU","0.00","","","","",""
"7222111900","098210","EU","0.00","","","","",""
"7222118100","098210","EU","0.00","","","","",""
"7222118900","098210","EU","0.00","","","","",""
"7222191000","098210","EU","0.00","","","","",""
"7222199000","098210","EU","0.00","","","","",""
"7222201100","098210","EU","0.00","","","","",""
"7222201900","098210","EU","0.00","","","","",""
"7222202100","098210","EU","0.00","","","","",""
"7222202900","098210","EU","0.00","","","","",""
"7222203100","098210","EU","0.00","","","","",""
"7222203900","098210","EU","0.00","","","","",""
"7222208100","098210","EU","0.00","","","","",""
"7222208900","098210","EU","0.00","","","","",""
"7222305100","098210","EU","0.00","","","","",""
"7222309100","098210","EU","0.00","","","","",""
"7222309700","098210","EU","0.00","","","","",""
"7222401000","098210","EU","0.00","","","","",""
"7222405000","098210","EU","0.00","","","","",""
"7222409000","098210","EU","0.00","","","","",""
"7222111100","098630","5002","0.00","","","","",""
"7222111900","098630","5002","0.00","","","","",""
"7222118100","098630","5002","0.00","","","","",""
"7222118900","098630","5002","0.00","","","","",""
"7222191000","098630","5002","0.00","","","","",""
"7222199000","098630","5002","0.00","","","","",""
"7222201100","098630","5002","0.00","","","","",""
"7222201900","098630","5002","0.00","","","","",""
"7222202100","098630","5002","0.00","","","","",""
"7222202900","098630","5002","0.00","","","","",""
"7222203100","098630","5002","0.00","","","","",""
"7222203900","098630","5002","0.00","","","","",""
"7222208100","098630","5002","0.00","","","","",""
"7222208900","098630","5002","0.00","","","","",""
"7222305100","098630","5002","0.00","","","","",""
"7222309100","098630","5002","0.00","","","","",""
"7222309700","098630","5002","0.00","","","","",""
"7222401000","098630","5002","0.00","","","","",""
"7222405000","098630","5002","0.00","","","","",""
"7222409000","098630","5002","0.00","","","","",""
"7221001000","098211","EU","0.00","","","","",""
"7221009000","098211","EU","0.00","","","","",""
"7221001000","098877","TW","0.00","","","","",""
"7221009000","098877","TW","0.00","","","","",""
"7221001000","098212","US","0.00","","","","",""
"7221009000","098212","US","0.00","","","","",""
"7221001000","098878","KR","0.00","","","","",""
"7221009000","098878","KR","0.00","","","","",""
"7221001000","098632","5002","0.00","","","","",""
"7221009000","098632","5002","0.00","","","","",""
"7213100000","098213","EU","0.00","","","","",""
"7213200000","098213","EU","0.00","","","","",""
"7213911000","098213","EU","0.00","","","","",""
"7213912000","098213","EU","0.00","","","","",""
"7213914100","098213","EU","0.00","","","","",""
"7213914900","098213","EU","0.00","","","","",""
"7213917000","098213","EU","0.00","","","","",""
"7213919000","098213","EU","0.00","","","","",""
"7213991000","098213","EU","0.00","","","","",""
"7213999000","098213","EU","0.00","","","","",""
"7227100000","098213","EU","0.00","","","","",""
"7227200000","098213","EU","0.00","","","","",""
"7227901000","098213","EU","0.00","","","","",""
"7227905000","098213","EU","0.00","","","","",""
"7227909500","098213","EU","0.00","","","","",""
"7213100000","098634","5002","0.00","","","","",""
"7213200000","098634","5002","0.00","","","","",""
"7213911000","098634","5002","0.00","","","","",""
"7213912000","098634","5002","0.00","","","","",""
"7213914100","098634","5002","0.00","","","","",""
"7213914900","098634","5002","0.00","","","","",""
"7213917000","098634","5002","0.00","","","","",""
"7213919000","098634","5002","0.00","","","","",""
"7213991000","098634","5002","0.00","","","","",""
"7213999000","098634","5002","0.00","","","","",""
"7227100000","098634","5002","0.00","","","","",""
"7227200000","098634","5002","0.00","","","","",""
"7227901000","098634","5002","0.00","","","","",""
"7227905000","098634","5002","0.00","","","","",""
"7227909500","098634","5002","0.00","","","","",""
"7216311000","098214","EU","0.00","","","","",""
"7216319000","098214","EU","0.00","","","","",""
"7216321100","098214","EU","0.00","","","","",""
"7216321900","098214","EU","0.00","","","","",""
"7216329100","098214","EU","0.00","","","","",""
"7216329900","098214","EU","0.00","","","","",""
"7216331000","098214","EU","0.00","","","","",""
"7216339000","098214","EU","0.00","","","","",""
"7216311000","098636","5002","0.00","","","","",""
"7216319000","098636","5002","0.00","","","","",""
"7216321100","098636","5002","0.00","","","","",""
"7216321900","098636","5002","0.00","","","","",""
"7216329100","098636","5002","0.00","","","","",""
"7216329900","098636","5002","0.00","","","","",""
"7216331000","098636","5002","0.00","","","","",""
"7216339000","098636","5002","0.00","","","","",""
"7302102200","098215","EU","0.00","","","","",""
"7302102800","098215","EU","0.00","","","","",""
"7302104000","098215","EU","0.00","","","","",""
"7302105000","098215","EU","0.00","","","","",""
"7302400000","098215","EU","0.00","","","","",""
"7302102200","098907","CN","0.00","","","","",""
"7302102800","098907","CN","0.00","","","","",""
"7302104000","098907","CN","0.00","","","","",""
"7302105000","098907","CN","0.00","","","","",""
"7302400000","098907","CN","0.00","","","","",""
"7302102200","098640","5002","0.00","","","","",""
"7302102800","098640","5002","0.00","","","","",""
"7302104000","098640","5002","0.00","","","","",""
"7302105000","098640","5002","0.00","","","","",""
"7302400000","098640","5002","0.00","","","","",""
"7306304100","098911","TR","0.00","","","","",""
"7306304900","098911","TR","0.00","","","","",""
"7306307200","098911","TR","0.00","","","","",""
"7306307700","098911","TR","0.00","","","","",""
"7306304100","098216","EU","0.00","","","","",""
"7306304900","098216","EU","0.00","","","","",""
"7306307200","098216","EU","0.00","","","","",""
"7306307700","098216","EU","0.00","","","","",""
"7306304100","098912","IN","0.00","","","","",""
"7306304900","098912","IN","0.00","","","","",""
"7306307200","098912","IN","0.00","","","","",""
"7306307700","098912","IN","0.00","","","","",""
"7306304100","098642","5002","0.00","","","","",""
"7306304900","098642","5002","0.00","","","","",""
"7306307200","098642","5002","0.00","","","","",""
"7306307700","098642","5002","0.00","","","","",""
"7306611000","098916","TR","0.00","","","","",""
"7306619200","098916","TR","0.00","","","","",""
"7306619900","098916","TR","0.00","","","","",""
"7306611000","098217","EU","0.00","","","","",""
"7306619200","098217","EU","0.00","","","","",""
"7306619900","098217","EU","0.00","","","","",""
"7306611000","098644","5002","0.00","","","","",""
"7306619200","098644","5002","0.00","","","","",""
"7306619900","098644","5002","0.00","","","","",""
"7305110000","098218","EU","0.00","","","","",""
"7305120000","098218","EU","0.00","","","","",""
"7305190000","098218","EU","0.00","","","","",""
"7305200000","098218","EU","0.00","","","","",""
"7305310000","098218","EU","0.00","","","","",""
"7305390000","098218","EU","0.00","","","","",""
"7305900000","098218","EU","0.00","","","","",""
"7305110000","098219","KR","0.00","","","","",""
"7305120000","098219","KR","0.00","","","","",""
"7305190000","098219","KR","0.00","","","","",""
"7305200000","098219","KR","0.00","","","","",""
"7305310000","098219","KR","0.00","","","","",""
"7305390000","098219","KR","0.00","","","","",""
"7305900000","098219","KR","0.00","","","","",""
"7305110000","098220","JP","0.00","","","","",""
"7305120000","098220","JP","0.00","","","","",""
"7305190000","098220","JP","0.00","","","","",""
"7305200000","098220","JP","0.00","","","","",""
"7305310000","098220","JP","0.00","","","","",""
"7305390000","098220","JP","0.00","","","","",""
"7305900000","098220","JP","0.00","","","","",""
"7305110000","098650","5002","0.00","","","","",""
"7305120000","098650","5002","0.00","","","","",""
"7305190000","098650","5002","0.00","","","","",""
"7305200000","098650","5002","0.00","","","","",""
"7305310000","098650","5002","0.00","","","","",""
"7305390000","098650","5002","0.00","","","","",""
"7305900000","098650","5002","0.00","","","","",""
"7306111000","098221","EU","0.00","","","","",""
"7306119000","098221","EU","0.00","","","","",""
"7306191000","098221","EU","0.00","","","","",""
"7306199000","098221","EU","0.00","","","","",""
"7306210000","098221","EU","0.00","","","","",""
"7306290000","098221","EU","0.00","","","","",""
"7306301100","098221","EU","0.00","","","","",""
"7306301900","098221","EU","0.00","","","","",""
"7306308000","098221","EU","0.00","","","","",""
"7306402000","098221","EU","0.00","","","","",""
"7306408000","098221","EU","0.00","","","","",""
"7306502000","098221","EU","0.00","","","","",""
"7306508000","098221","EU","0.00","","","","",""
"7306691000","098221","EU","0.00","","","","",""
"7306699000","098221","EU","0.00","","","","",""
"7306900000","098221","EU","0.00","","","","",""
"7306111000","098948","AE","0.00","","","","",""
"7306119000","098948","AE","0.00","","","","",""
"7306191000","098948","AE","0.00","","","","",""
"7306199000","098948","AE","0.00","","","","",""
"7306210000","098948","AE","0.00","","","","",""
"7306290000","098948","AE","0.00","","","","",""
"7306301100","098948","AE","0.00","","","","",""
"7306301900","098948","AE","0.00","","","","",""
"7306308000","098948","AE","0.00","","","","",""
"7306402000","098948","AE","0.00","","","","",""
"7306408000","098948","AE","0.00","","","","",""
"7306502000","098948","AE","0.00","","","","",""
"7306508000","098948","AE","0.00","","","","",""
"7306691000","098948","AE","0.00","","","","",""
"7306699000","098948","AE","0.00","","","","",""
"7306900000","098948","AE","0.00","","","","",""
"7306111000","098947","TR","0.00","","","","",""
"7306119000","098947","TR","0.00","","","","",""
"7306191000","098947","TR","0.00","","","","",""
"7306199000","098947","TR","0.00","","","","",""
"7306210000","098947","TR","0.00","","","","",""
"7306290000","098947","TR","0.00","","","","",""
"7306301100","098947","TR","0.00","","","","",""
"7306301900","098947","TR","0.00","","","","",""
"7306308000","098947","TR","0.00","","","","",""
"7306402000","098947","TR","0.00","","","","",""
"7306408000","098947","TR","0.00","","","","",""
"7306502000","098947","TR","0.00","","","","",""
"7306508000","098947","TR","0.00","","","","",""
"7306691000","098947","TR","0.00","","","","",""
"7306699000","098947","TR","0.00","","","","",""
"7306900000","098947","TR","0.00","","","","",""
"7306111000","098222","NO","0.00","","","","",""
"7306119000","098222","NO","0.00","","","","",""
"7306191000","098222","NO","0.00","","","","",""
"7306199000","098222","NO","0.00","","","","",""
"7306210000","098222","NO","0.00","","","","",""
"7306290000","098222","NO","0.00","","","","",""
"7306301100","098222","NO","0.00","","","","",""
"7306301900","098222","NO","0.00","","","","",""
"7306308000","098222","NO","0.00","","","","",""
"7306402000","098222","NO","0.00","","","","",""
"7306408000","098222","NO","0.00","","","","",""
"7306502000","098222","NO","0.00","","","","",""
"7306508000","098222","NO","0.00","","","","",""
"7306691000","098222","NO","0.00","","","","",""
"7306699000","098222","NO","0.00","","","","",""
"7306900000","098222","NO","0.00","","","","",""
"7306111000","098949","CN","0.00","","","","",""
"7306119000","098949","CN","0.00","","","","",""
"7306191000","098949","CN","0.00","","","","",""
"7306199000","098949","CN","0.00","","","","",""
"7306210000","098949","CN","0.00","","","","",""
"7306290000","098949","CN","0.00","","","","",""
"7306301100","098949","CN","0.00","","","","",""
"7306301900","098949","CN","0.00","","","","",""
"7306308000","098949","CN","0.00","","","","",""
"7306402000","098949","CN","0.00","","","","",""
"7306408000","098949","CN","0.00","","","","",""
"7306502000","098949","CN","0.00","","","","",""
"7306508000","098949","CN","0.00","","","","",""
"7306691000","098949","CN","0.00","","","","",""
"7306699000","098949","CN","0.00","","","","",""
"7306900000","098949","CN","0.00","","","","",""
"7306111000","098652","5002","0.00","","","","",""
"7306119000","098652","5002","0.00","","","","",""
"7306191000","098652","5002","0.00","","","","",""
"7306199000","098652","5002","0.00","","","","",""
"7306210000","098652","5002","0.00","","","","",""
"7306290000","098652","5002","0.00","","","","",""
"7306301100","098652","5002","0.00","","","","",""
"7306301900","098652","5002","0.00","","","","",""
"7306308000","098652","5002","0.00","","","","",""
"7306402000","098652","5002","0.00","","","","",""
"7306408000","098652","5002","0.00","","","","",""
"7306502000","098652","5002","0.00","","","","",""
"7306508000","098652","5002","0.00","","","","",""
"7306691000","098652","5002","0.00","","","","",""
"7306699000","098652","5002","0.00","","","","",""
"7306900000","098652","5002","0.00","","","","",""
"7215100000","098223","EU","0.00","","","","",""
"7215501100","098223","EU","0.00","","","","",""
"7215501900","098223","EU","0.00","","","","",""
"7215508000","098223","EU","0.00","","","","",""
"7228109000","098223","EU","0.00","","","","",""
"7228209900","098223","EU","0.00","","","","",""
"7228502000","098223","EU","0.00","","","","",""
"7228504000","098223","EU","0.00","","","","",""
"7228506100","098223","EU","0.00","","","","",""
"7228506900","098223","EU","0.00","","","","",""
"7228508000","098223","EU","0.00","","","","",""
"7215100000","098224","TR","0.00","","","","",""
"7215501100","098224","TR","0.00","","","","",""
"7215501900","098224","TR","0.00","","","","",""
"7215508000","098224","TR","0.00","","","","",""
"7228109000","098224","TR","0.00","","","","",""
"7228209900","098224","TR","0.00","","","","",""
"7228502000","098224","TR","0.00","","","","",""
"7228504000","098224","TR","0.00","","","","",""
"7228506100","098224","TR","0.00","","","","",""
"7228506900","098224","TR","0.00","","","","",""
"7228508000","098224","TR","0.00","","","","",""
"7215100000","098956","RU","0.00","","","","",""
"7215501100","098956","RU","0.00","","","","",""
"7215501900","098956","RU","0.00","","","","",""
"7215508000","098956","RU","0.00","","","","",""
"7228109000","098956","RU","0.00","","","","",""
"7228209900","098956","RU","0.00","","","","",""
"7228502000","098956","RU","0.00","","","","",""
"7228504000","098956","RU","0.00","","","","",""
"7228506100","098956","RU","0.00","","","","",""
"7228506900","098956","RU","0.00","","","","",""
"7228508000","098956","RU","0.00","","","","",""
"7215100000","098654","5002","0.00","","","","",""
"7215501100","098654","5002","0.00","","","","",""
"7215501900","098654","5002","0.00","","","","",""
"7215508000","098654","5002","0.00","","","","",""
"7228109000","098654","5002","0.00","","","","",""
"7228209900","098654","5002","0.00","","","","",""
"7228502000","098654","5002","0.00","","","","",""
"7228504000","098654","5002","0.00","","","","",""
"7228506100","098654","5002","0.00","","","","",""
"7228506900","098654","5002","0.00","","","","",""
"7228508000","098654","5002","0.00","","","","",""
"7217101000","098225","EU","0.00","","","","",""
"7217103100","098225","EU","0.00","","","","",""
"7217103900","098225","EU","0.00","","","","",""
"7217105000","098225","EU","0.00","","","","",""
"7217109000","098225","EU","0.00","","","","",""
"7217201000","098225","EU","0.00","","","","",""
"7217203000","098225","EU","0.00","","","","",""
"7217205000","098225","EU","0.00","","","","",""
"7217209000","098225","EU","0.00","","","","",""
"7217304100","098225","EU","0.00","","","","",""
"7217304900","098225","EU","0.00","","","","",""
"7217305000","098225","EU","0.00","","","","",""
"7217309000","098225","EU","0.00","","","","",""
"7217902000","098225","EU","0.00","","","","",""
"7217905000","098225","EU","0.00","","","","",""
"7217909000","098225","EU","0.00","","","","",""
"7217101000","098964","TR","0.00","","","","",""
"7217103100","098964","TR","0.00","","","","",""
"7217103900","098964","TR","0.00","","","","",""
"7217105000","098964","TR","0.00","","","","",""
"7217109000","098964","TR","0.00","","","","",""
"7217201000","098964","TR","0.00","","","","",""
"7217203000","098964","TR","0.00","","","","",""
"7217205000","098964","TR","0.00","","","","",""
"7217209000","098964","TR","0.00","","","","",""
"7217304100","098964","TR","0.00","","","","",""
"7217304900","098964","TR","0.00","","","","",""
"7217305000","098964","TR","0.00","","","","",""
"7217309000","098964","TR","0.00","","","","",""
"7217902000","098964","TR","0.00","","","","",""
"7217905000","098964","TR","0.00","","","","",""
"7217909000","098964","TR","0.00","","","","",""
"7217101000","098962","CN","0.00","","","","",""
"7217103100","098962","CN","0.00","","","","",""
"7217103900","098962","CN","0.00","","","","",""
"7217105000","098962","CN","0.00","","","","",""
"7217109000","098962","CN","0.00","","","","",""
"7217201000","098962","CN","0.00","","","","",""
"7217203000","098962","CN","0.00","","","","",""
"7217205000","098962","CN","0.00","","","","",""
"7217209000","098962","CN","0.00","","","","",""
"7217304100","098962","CN","0.00","","","","",""
"7217304900","098962","CN","0.00","","","","",""
"7217305000","098962","CN","0.00","","","","",""
"7217309000","098962","CN","0.00","","","","",""
"7217902000","098962","CN","0.00","","","","",""
"7217905000","098962","CN","0.00","","","","",""
"7217909000","098962","CN","0.00","","","","",""
"7217101000","098226","TH","0.00","","","","",""
"7217103100","098226","TH","0.00","","","","",""
"7217103900","098226","TH","0.00","","","","",""
"7217105000","098226","TH","0.00","","","","",""
"7217109000","098226","TH","0.00","","","","",""
"7217201000","098226","TH","0.00","","","","",""
"7217203000","098226","TH","0.00","","","","",""
"7217205000","098226","TH","0.00","","","","",""
"7217209000","098226","TH","0.00","","","","",""
"7217304100","098226","TH","0.00","","","","",""
"7217304900","098226","TH","0.00","","","","",""
"7217305000","098226","TH","0.00","","","","",""
"7217309000","098226","TH","0.00","","","","",""
"7217902000","098226","TH","0.00","","","","",""
"7217905000","098226","TH","0.00","","","","",""
"7217909000","098226","TH","0.00","","","","",""
"7217101000","098227","ZA","0.00","","","","",""
"7217103100","098227","ZA","0.00","","","","",""
"7217103900","098227","ZA","0.00","","","","",""
"7217105000","098227","ZA","0.00","","","","",""
"7217109000","098227","ZA","0.00","","","","",""
"7217201000","098227","ZA","0.00","","","","",""
"7217203000","098227","ZA","0.00","","","","",""
"7217205000","098227","ZA","0.00","","","","",""
"7217209000","098227","ZA","0.00","","","","",""
"7217304100","098227","ZA","0.00","","","","",""
"7217304900","098227","ZA","0.00","","","","",""
"7217305000","098227","ZA","0.00","","","","",""
"7217309000","098227","ZA","0.00","","","","",""
"7217902000","098227","ZA","0.00","","","","",""
"7217905000","098227","ZA","0.00","","","","",""
"7217909000","098227","ZA","0.00","","","","",""
"7217101000","098656","5002","0.00","","","","",""
"7217103100","098656","5002","0.00","","","","",""
"7217103900","098656","5002","0.00","","","","",""
"7217105000","098656","5002","0.00","","","","",""
"7217109000","098656","5002","0.00","","","","",""
"7217201000","098656","5002","0.00","","","","",""
"7217203000","098656","5002","0.00","","","","",""
"7217205000","098656","5002","0.00","","","","",""
"7217209000","098656","5002","0.00","","","","",""
"7217304100","098656","5002","0.00","","","","",""
"7217304900","098656","5002","0.00","","","","",""
"7217305000","098656","5002","0.00","","","","",""
"7217309000","098656","5002","0.00","","","","",""
"7217902000","098656","5002","0.00","","","","",""
"7217905000","098656","5002","0.00","","","","",""
"7217909000","098656","5002","0.00","","","","",""
"7210410020","098228","EU","0.00","","","","",""
"7210490020","098228","EU","0.00","","","","",""
"7210610020","098228","EU","0.00","","","","",""
"7210690020","098228","EU","0.00","","","","",""
"7212300020","098228","EU","0.00","","","","",""
"7212506120","098228","EU","0.00","","","","",""
"7212506920","098228","EU","0.00","","","","",""
"7225920020","098228","EU","0.00","","","","",""
"7225990011","098228","EU","0.00","","","","",""
"7225990022","098228","EU","0.00","","","","",""
"7225990040","098228","EU","0.00","","","","",""
"7225990091","098228","EU","0.00","","","","",""
"7225990092","098228","EU","0.00","","","","",""
"7226993010","098228","EU","0.00","","","","",""
"7226997011","098228","EU","0.00","","","","",""
"7226997091","098228","EU","0.00","","","","",""
"7226997094","098228","EU","0.00","","","","",""
"7210410020","098229","TW","0.00","","","","",""
"7210490020","098229","TW","0.00","","","","",""
"7210610020","098229","TW","0.00","","","","",""
"7210690020","098229","TW","0.00","","","","",""
"7212300020","098229","TW","0.00","","","","",""
"7212506120","098229","TW","0.00","","","","",""
"7212506920","098229","TW","0.00","","","","",""
"7225920020","098229","TW","0.00","","","","",""
"7225990011","098229","TW","0.00","","","","",""
"7225990022","098229","TW","0.00","","","","",""
"7225990040","098229","TW","0.00","","","","",""
"7225990091","098229","TW","0.00","","","","",""
"7225990092","098229","TW","0.00","","","","",""
"7226993010","098229","TW","0.00","","","","",""
"7226997011","098229","TW","0.00","","","","",""
"7226997091","098229","TW","0.00","","","","",""
"7226997094","098229","TW","0.00","","","","",""
"7210410020","098816","KR","0.00","","","","",""
"7210490020","098816","KR","0.00","","","","",""
"7210610020","098816","KR","0.00","","","","",""
"7210690020","098816","KR","0.00","","","","",""
"7212300020","098816","KR","0.00","","","","",""
"7212506120","098816","KR","0.00","","","","",""
"7212506920","098816","KR","0.00","","","","",""
"7225920020","098816","KR","0.00","","","","",""
"7225990011","098816","KR","0.00","","","","",""
"7225990022","098816","KR","0.00","","","","",""
"7225990040","098816","KR","0.00","","","","",""
"7225990091","098816","KR","0.00","","","","",""
"7225990092","098816","KR","0.00","","","","",""
"7226993010","098816","KR","0.00","","","","",""
"7226997011","098816","KR","0.00","","","","",""
"7226997091","098816","KR","0.00","","","","",""
"7226997094","098816","KR","0.00","","","","",""
"7210410020","098610","5002","0.00","","","","",""
"7210490020","098610","5002","0.00","","","","",""
"7210610020","098610","5002","0.00","","","","",""
"7210690020","098610","5002","0.00","","","","",""
"7212300020","098610","5002","0.00","","","","",""
"7212506120","098610","5002","0.00","","","","",""
"7212506920","098610","5002","0.00","","","","",""
"7225920020","098610","5002","0.00","","","","",""
"7225990011","098610","5002","0.00","","","","",""
"7225990022","098610","5002","0.00","","","","",""
"7225990040","098610","5002","0.00","","","","",""
"7225990091","098610","5002","0.00","","","","",""
"7225990092","098610","5002","0.00","","","","",""
"7226993010","098610","5002","0.00","","","","",""
"7226997011","098610","5002","0.00","","","","",""
"7226997091","098610","5002","0.00","","","","",""
"7226997094","098610","5002","0.00","","","","",""
"7210200010","098230","EU","0.00","","","","",""
"7210200090","098230","EU","0.00","","","","",""
"7210300010","098230","EU","0.00","","","","",""
"7210300090","098230","EU","0.00","","","","",""
"7210410080","098230","EU","0.00","","","","",""
"7210490080","098230","EU","0.00","","","","",""
"7210610080","098230","EU","0.00","","","","",""
"7210690080","098230","EU","0.00","","","","",""
"7210908010","098230","EU","0.00","","","","",""
"7210908091","098230","EU","0.00","","","","",""
"7210908099","098230","EU","0.00","","","","",""
"7212200011","098230","EU","0.00","","","","",""
"7212200019","098230","EU","0.00","","","","",""
"7212200090","098230","EU","0.00","","","","",""
"7212300080","098230","EU","0.00","","","","",""
"7212502011","098230","EU","0.00","","","","",""
"7212502019","098230","EU","0.00","","","","",""
"7212502090","098230","EU","0.00","","","","",""
"7212503011","098230","EU","0.00","","","","",""
"7212503090","098230","EU","0.00","","","","",""
"7212503090","098230","EU","0.00","","","","",""
"7212504011","098230","EU","0.00","","","","",""
"7212504019","098230","EU","0.00","","","","",""
"7212504090","098230","EU","0.00","","","","",""
"7212506180","098230","EU","0.00","","","","",""
"7212506980","098230","EU","0.00","","","","",""
"7212509011","098230","EU","0.00","","","","",""
"7212509013","098230","EU","0.00","","","","",""
"7212509019","098230","EU","0.00","","","","",""
"7225910010","098230","EU","0.00","","","","",""
"7225910090","098230","EU","0.00","","","","",""
"7225920080","098230","EU","0.00","","","","",""
"7225990025","098230","EU","0.00","","","","",""
"7225990095","098230","EU","0.00","","","","",""
"7226991000","098230","EU","0.00","","","","",""
"7226993090","098230","EU","0.00","","","","",""
"7226997019","098230","EU","0.00","","","","",""
"7226997096","098230","EU","0.00","","","","",""
"7210200010","098821","CN","0.00","","","","",""
"7210200090","098821","CN","0.00","","","","",""
"7210300010","098821","CN","0.00","","","","",""
"7210300090","098821","CN","0.00","","","","",""
"7210410080","098821","CN","0.00","","","","",""
"7210490080","098821","CN","0.00","","","","",""
"7210610080","098821","CN","0.00","","","","",""
"7210690080","098821","CN","0.00","","","","",""
"7210908010","098821","CN","0.00","","","","",""
"7210908091","098821","CN","0.00","","","","",""
"7210908099","098821","CN","0.00","","","","",""
"7212200011","098821","CN","0.00","","","","",""
"7212200019","098821","CN","0.00","","","","",""
"7212200090","098821","CN","0.00","","","","",""
"7212300080","098821","CN","0.00","","","","",""
"7212502011","098821","CN","0.00","","","","",""
"7212502019","098821","CN","0.00","","","","",""
"7212502090","098821","CN","0.00","","","","",""
"7212503011","098821","CN","0.00","","","","",""
"7212503090","098821","CN","0.00","","","","",""
"7212503090","098821","CN","0.00","","","","",""
"7212504011","098821","CN","0.00","","","","",""
"7212504019","098821","CN","0.00","","","","",""
"7212504090","098821","CN","0.00","","","","",""
"7212506180","098821","CN","0.00","","","","",""
"7212506980","098821","CN","0.00","","","","",""
"7212509011","098821","CN","0.00","","","","",""
"7212509013","098821","CN","0.00","","","","",""
"7212509019","098821","CN","0.00","","","","",""
"7225910010","098821","CN","0.00","","","","",""
"7225910090","098821","CN","0.00","","","","",""
"7225920080","098821","CN","0.00","","","","",""
"7225990025","098821","CN","0.00","","","","",""
"7225990095","098821","CN","0.00","","","","",""
"7226991000","098821","CN","0.00","","","","",""
"7226993090","098821","CN","0.00","","","","",""
"7226997019","098821","CN","0.00","","","","",""
"7226997096","098821","CN","0.00","","","","",""
"7210200010","098823","IN","0.00","","","","",""
"7210200090","098823","IN","0.00","","","","",""
"7210300010","098823","IN","0.00","","","","",""
"7210300090","098823","IN","0.00","","","","",""
"7210410080","098823","IN","0.00","","","","",""
"7210490080","098823","IN","0.00","","","","",""
"7210610080","098823","IN","0.00","","","","",""
"7210690080","098823","IN","0.00","","","","",""
"7210908010","098823","IN","0.00","","","","",""
"7210908091","098823","IN","0.00","","","","",""
"7210908099","098823","IN","0.00","","","","",""
"7212200011","098823","IN","0.00","","","","",""
"7212200019","098823","IN","0.00","","","","",""
"7212200090","098823","IN","0.00","","","","",""
"7212300080","098823","IN","0.00","","","","",""
"7212502011","098823","IN","0.00","","","","",""
"7212502019","098823","IN","0.00","","","","",""
"7212502090","098823","IN","0.00","","","","",""
"7212503011","098823","IN","0.00","","","","",""
"7212503090","098823","IN","0.00","","","","",""
"7212503090","098823","IN","0.00","","","","",""
"7212504011","098823","IN","0.00","","","","",""
"7212504019","098823","IN","0.00","","","","",""
"7212504090","098823","IN","0.00","","","","",""
"7212506180","098823","IN","0.00","","","","",""
"7212506980","098823","IN","0.00","","","","",""
"7212509011","098823","IN","0.00","","","","",""
"7212509013","098823","IN","0.00","","","","",""
"7212509019","098823","IN","0.00","","","","",""
"7225910010","098823","IN","0.00","","","","",""
"7225910090","098823","IN","0.00","","","","",""
"7225920080","098823","IN","0.00","","","","",""
"7225990025","098823","IN","0.00","","","","",""
"7225990095","098823","IN","0.00","","","","",""
"7226991000","098823","IN","0.00","","","","",""
"7226993090","098823","IN","0.00","","","","",""
"7226997019","098823","IN","0.00","","","","",""
"7226997096","098823","IN","0.00","","","","",""
"7210200010","098231","TR","0.00","","","","",""
"7210200090","098231","TR","0.00","","","","",""
"7210300010","098231","TR","0.00","","","","",""
"7210300090","098231","TR","0.00","","","","",""
"7210410080","098231","TR","0.00","","","","",""
"7210490080","098231","TR","0.00","","","","",""
"7210610080","098231","TR","0.00","","","","",""
"7210690080","098231","TR","0.00","","","","",""
"7210908010","098231","TR","0.00","","","","",""
"7210908091","098231","TR","0.00","","","","",""
"7210908099","098231","TR","0.00","","","","",""
"7212200011","098231","TR","0.00","","","","",""
"7212200019","098231","TR","0.00","","","","",""
"7212200090","098231","TR","0.00","","","","",""
"7212300080","098231","TR","0.00","","","","",""
"7212502011","098231","TR","0.00","","","","",""
"7212502019","098231","TR","0.00","","","","",""
"7212502090","098231","TR","0.00","","","","",""
"7212503011","098231","TR","0.00","","","","",""
"7212503090","098231","TR","0.00","","","","",""
"7212503090","098231","TR","0.00","","","","",""
"7212504011","098231","TR","0.00","","","","",""
"7212504019","098231","TR","0.00","","","","",""
"7212504090","098231","TR","0.00","","","","",""
"7212506180","098231","TR","0.00","","","","",""
"7212506980","098231","TR","0.00","","","","",""
"7212509011","098231","TR","0.00","","","","",""
"7212509013","098231","TR","0.00","","","","",""
"7212509019","098231","TR","0.00","","","","",""
"7225910010","098231","TR","0.00","","","","",""
"7225910090","098231","TR","0.00","","","","",""
"7225920080","098231","TR","0.00","","","","",""
"7225990025","098231","TR","0.00","","","","",""
"7225990095","098231","TR","0.00","","","","",""
"7226991000","098231","TR","0.00","","","","",""
"7226993090","098231","TR","0.00","","","","",""
"7226997019","098231","TR","0.00","","","","",""
"7226997096","098231","TR","0.00","","","","",""
"7210200010","098822","KR","0.00","","","","",""
"7210200090","098822","KR","0.00","","","","",""
"7210300010","098822","KR","0.00","","","","",""
"7210300090","098822","KR","0.00","","","","",""
"7210410080","098822","KR","0.00","","","","",""
"7210490080","098822","KR","0.00","","","","",""
"7210610080","098822","KR","0.00","","","","",""
"7210690080","098822","KR","0.00","","","","",""
"7210908010","098822","KR","0.00","","","","",""
"7210908091","098822","KR","0.00","","","","",""
"7210908099","098822","KR","0.00","","","","",""
"7212200011","098822","KR","0.00","","","","",""
"7212200019","098822","KR","0.00","","","","",""
"7212200090","098822","KR","0.00","","","","",""
"7212300080","098822","KR","0.00","","","","",""
"7212502011","098822","KR","0.00","","","","",""
"7212502019","098822","KR","0.00","","","","",""
"7212502090","098822","KR","0.00","","","","",""
"7212503011","098822","KR","0.00","","","","",""
"7212503090","098822","KR","0.00","","","","",""
"7212503090","098822","KR","0.00","","","","",""
"7212504011","098822","KR","0.00","","","","",""
"7212504019","098822","KR","0.00","","","","",""
"7212504090","098822","KR","0.00","","","","",""
"7212506180","098822","KR","0.00","","","","",""
"7212506980","098822","KR","0.00","","","","",""
"7212509011","098822","KR","0.00","","","","",""
"7212509013","098822","KR","0.00","","","","",""
"7212509019","098822","KR","0.00","","","","",""
"7225910010","098822","KR","0.00","","","","",""
"7225910090","098822","KR","0.00","","","","",""
"7225920080","098822","KR","0.00","","","","",""
"7225990025","098822","KR","0.00","","","","",""
"7225990095","098822","KR","0.00","","","","",""
"7226991000","098822","KR","0.00","","","","",""
"7226993090","098822","KR","0.00","","","","",""
"7226997019","098822","KR","0.00","","","","",""
"7226997096","098822","KR","0.00","","","","",""
"7210200010","098824","TW","0.00","","","","",""
"7210200090","098824","TW","0.00","","","","",""
"7210300010","098824","TW","0.00","","","","",""
"7210300090","098824","TW","0.00","","","","",""
"7210410080","098824","TW","0.00","","","","",""
"7210490080","098824","TW","0.00","","","","",""
"7210610080","098824","TW","0.00","","","","",""
"7210690080","098824","TW","0.00","","","","",""
"7210908010","098824","TW","0.00","","","","",""
"7210908091","098824","TW","0.00","","","","",""
"7210908099","098824","TW","0.00","","","","",""
"7212200011","098824","TW","0.00","","","","",""
"7212200019","098824","TW","0.00","","","","",""
"7212200090","098824","TW","0.00","","","","",""
"7212300080","098824","TW","0.00","","","","",""
"7212502011","098824","TW","0.00","","","","",""
"7212502019","098824","TW","0.00","","","","",""
"7212502090","098824","TW","0.00","","","","",""
"7212503011","098824","TW","0.00","","","","",""
"7212503090","098824","TW","0.00","","","","",""
"7212503090","098824","TW","0.00","","","","",""
"7212504011","098824","TW","0.00","","","","",""
"7212504019","098824","TW","0.00","","","","",""
"7212504090","098824","TW","0.00","","","","",""
"7212506180","098824","TW","0.00","","","","",""
"7212506980","098824","TW","0.00","","","","",""
"7212509011","098824","TW","0.00","","","","",""
"7212509013","098824","TW","0.00","","","","",""
"7212509019","098824","TW","0.00","","","","",""
"7225910010","098824","TW","0.00","","","","",""
"7225910090","098824","TW","0.00","","","","",""
"7225920080","098824","TW","0.00","","","","",""
"7225990025","098824","TW","0.00","","","","",""
"7225990095","098824","TW","0.00","","","","",""
"7226991000","098824","TW","0.00","","","","",""
"7226993090","098824","TW","0.00","","","","",""
"7226997019","098824","TW","0.00","","","","",""
"7226997096","098824","TW","0.00","","","","",""
"7210200010","098612","5002","0.00","","","","",""
"7210200090","098612","5002","0.00","","","","",""
"7210300010","098612","5002","0.00","","","","",""
"7210300090","098612","5002","0.00","","","","",""
"7210410080","098612","5002","0.00","","","","",""
"7210490080","098612","5002","0.00","","","","",""
"7210610080","098612","5002","0.00","","","","",""
"7210690080","098612","5002","0.00","","","","",""
"7210908010","098612","5002","0.00","","","","",""
"7210908091","098612","5002","0.00","","","","",""
"7210908099","098612","5002","0.00","","","","",""
"7212200011","098612","5002","0.00","","","","",""
"7212200019","098612","5002","0.00","","","","",""
"7212200090","098612","5002","0.00","","","","",""
"7212300080","098612","5002","0.00","","","","",""
"7212502011","098612","5002","0.00","","","","",""
"7212502019","098612","5002","0.00","","","","",""
"7212502090","098612","5002","0.00","","","","",""
"7212503011","098612","5002","0.00","","","","",""
"7212503090","098612","5002","0.00","","","","",""
"7212503090","098612","5002","0.00","","","","",""
"7212504011","098612","5002","0.00","","","","",""
"7212504019","098612","5002","0.00","","","","",""
"7212504090","098612","5002","0.00","","","","",""
"7212506180","098612","5002","0.00","","","","",""
"7212506980","098612","5002","0.00","","","","",""
"7212509011","098612","5002","0.00","","","","",""
"7212509013","098612","5002","0.00","","","","",""
"7212509019","098612","5002","0.00","","","","",""
"7225910010","098612","5002","0.00","","","","",""
"7225910090","098612","5002","0.00","","","","",""
"7225920080","098612","5002","0.00","","","","",""
"7225990025","098612","5002","0.00","","","","",""
"7225990095","098612","5002","0.00","","","","",""
"7226991000","098612","5002","0.00","","","","",""
"7226993090","098612","5002","0.00","","","","",""
"7226997019","098612","5002","0.00","","","","",""
"7226997096","098612","5002","0.00","","","","",""

