"090919","143 Preferential tariff quota","FCFS","2019-04-13","2019-12-31","262","74000.00","KGM","3","N","90","","","","","CH"
"090921","143 Preferential tariff quota","FCFS","2019-04-13","2019-12-31","262","155000.00","KGM","3","N","90","","","","","CH"
"090922","143 Preferential tariff quota","FCFS","2019-04-13","2019-12-31","262","39000.00","KGM","3","N","90","","","","","CH"
"090923","143 Preferential tariff quota","FCFS","2019-04-13","2019-12-31","262","193000.00","KGM","3","N","90","","","","","CH"
"090924","143 Preferential tariff quota","FCFS","2019-04-13","2019-12-31","262","213000.00","KGM","3","N","90","","","","","CH"
"090925","143 Preferential tariff quota","FCFS","2019-04-13","2019-12-31","262","116000.00","KGM","3","N","90","","","","","CH"
"090926","143 Preferential tariff quota","FCFS","2019-04-13","2019-12-31","262","193000.00","KGM","3","N","90","","","","","CH"
"090927","143 Preferential tariff quota","FCFS","2019-04-13","2019-12-31","262","116000.00","KGM","3","N","90","","","","","CH"
"090928","143 Preferential tariff quota","FCFS","2019-04-13","2019-12-31","262","39000.00","KGM","3","N","90","","","","","CH"
"090929","143 Preferential tariff quota","FCFS","2019-04-13","2019-12-31","262","39000.00","KGM","3","N","90","","","","","CH"
"090930","143 Preferential tariff quota","FCFS","2019-04-13","2019-12-31","262","19000.00","KGM","3","N","90","","","","","CH"
"090931","143 Preferential tariff quota","FCFS","2019-04-13","2019-12-31","262","19000.00","KGM","3","N","90","","","","","CH"
"090932","143 Preferential tariff quota","FCFS","2019-04-13","2019-12-31","262","39000.00","KGM","3","N","90","","","","","CH"
"090933","143 Preferential tariff quota","FCFS","2019-04-13","2019-12-31","262","39000.00","KGM","3","N","90","","","","","CH"
"090934","143 Preferential tariff quota","FCFS","2019-04-13","2019-12-31","262","39000.00","KGM","3","N","90","","","","","CH"
"090935","143 Preferential tariff quota","FCFS","2019-04-13","2019-12-31","262","39000.00","KGM","3","N","90","","","","","CH"
"090936","143 Preferential tariff quota","FCFS","2019-04-13","2019-12-31","262","39000.00","KGM","3","N","90","","","","","CH"
"090937","143 Preferential tariff quota","FCFS","2019-04-13","2019-12-31","262","116000.00","KGM","3","N","90","","","","","CH"
"090938","143 Preferential tariff quota","FCFS","2019-04-13","2019-12-31","262","116000.00","KGM","3","N","90","","","","","CH"
"090939","143 Preferential tariff quota","FCFS","2019-04-13","2019-12-31","262","19000.00","KGM","3","N","90","","","","","CH"
"090940","143 Preferential tariff quota","FCFS","2019-04-13","2019-12-31","262","58000.00","KGM","3","N","90","","","","","CH"
"090941","143 Preferential tariff quota","FCFS","2019-04-13","2019-12-31","262","39000.00","KGM","3","N","90","","","","","CH"
"090942","143 Preferential tariff quota","FCFS","2019-04-13","2019-12-31","262","4000.00","KGM","3","N","90","","","","","CH"
"090943","143 Preferential tariff quota","FCFS","2019-04-13","2019-12-31","262","4000.00","KGM","3","N","90","","","","","CH"
"090944","143 Preferential tariff quota","FCFS","2019-04-13","2019-12-31","262","190.00","KGM","3","N","90","","","","","CH"
"090945","143 Preferential tariff quota","FCFS","2019-04-13","2019-12-31","262","116000.00","KGM","3","N","90","","","","","CH"
"090946","143 Preferential tariff quota","FCFS","2019-04-13","2019-12-31","262","19000.00","KGM","3","N","90","","","","","CH"
"090948","143 Preferential tariff quota","FCFS","2019-04-13","2019-12-31","262","8000.00","KGM","3","N","90","","","","","CH"
"090950","143 Preferential tariff quota","FCFS","2019-04-13","2019-12-31","262","12000.00","KGM","3","N","90","","","","","CH"
"094155","143 Preferential tariff quota","Licensed","2019-04-13","2019-12-31","262","107000.00","KGM","3","N","90","","","","","CH"
"094202","143 Preferential tariff quota","Licensed","2019-04-13","2019-12-31","262","64000.00","KGM","3","N","90","","","","","CH"
"094203","143 Preferential tariff quota","Licensed","2019-04-13","2019-12-31","262","247.00","NAR","3","N","90","","","","","CH"
"090919","143 Preferential tariff quota","FCFS","2020-01-01","2020-12-31","365","102000.00","KGM","3","N","90","","","","","CH"
"090921","143 Preferential tariff quota","FCFS","2020-01-01","2020-12-31","365","215000.00","KGM","3","N","90","","","","","CH"
"090922","143 Preferential tariff quota","FCFS","2020-01-01","2020-12-31","365","54000.00","KGM","3","N","90","","","","","CH"
"090923","143 Preferential tariff quota","FCFS","2020-01-01","2020-12-31","365","269000.00","KGM","3","N","90","","","","","CH"
"090924","143 Preferential tariff quota","FCFS","2020-01-01","2020-12-31","365","295000.00","KGM","3","N","90","","","","","CH"
"090925","143 Preferential tariff quota","FCFS","2020-01-01","2020-12-31","365","161000.00","KGM","3","N","90","","","","","CH"
"090926","143 Preferential tariff quota","FCFS","2020-01-01","2020-12-31","365","269000.00","KGM","3","N","90","","","","","CH"
"090927","143 Preferential tariff quota","FCFS","2020-01-01","2020-12-31","365","161000.00","KGM","3","N","90","","","","","CH"
"090928","143 Preferential tariff quota","FCFS","2020-01-01","2020-12-31","365","54000.00","KGM","3","N","90","","","","","CH"
"090929","143 Preferential tariff quota","FCFS","2020-01-01","2020-12-31","365","54000.00","KGM","3","N","90","","","","","CH"
"090930","143 Preferential tariff quota","FCFS","2020-01-01","2020-12-31","365","27000.00","KGM","3","N","90","","","","","CH"
"090931","143 Preferential tariff quota","FCFS","2020-01-01","2020-12-31","365","27000.00","KGM","3","N","90","","","","","CH"
"090932","143 Preferential tariff quota","FCFS","2020-01-01","2020-12-31","365","54000.00","KGM","3","N","90","","","","","CH"
"090933","143 Preferential tariff quota","FCFS","2020-01-01","2020-12-31","365","54000.00","KGM","3","N","90","","","","","CH"
"090934","143 Preferential tariff quota","FCFS","2020-01-01","2020-12-31","365","54000.00","KGM","3","N","90","","","","","CH"
"090935","143 Preferential tariff quota","FCFS","2020-01-01","2020-12-31","365","54000.00","KGM","3","N","90","","","","","CH"
"090936","143 Preferential tariff quota","FCFS","2020-01-01","2020-12-31","365","54000.00","KGM","3","N","90","","","","","CH"
"090937","143 Preferential tariff quota","FCFS","2020-01-01","2020-12-31","365","161000.00","KGM","3","N","90","","","","","CH"
"090938","143 Preferential tariff quota","FCFS","2020-01-01","2020-12-31","365","161000.00","KGM","3","N","90","","","","","CH"
"090939","143 Preferential tariff quota","FCFS","2020-01-01","2020-12-31","365","27000.00","KGM","3","N","90","","","","","CH"
"090940","143 Preferential tariff quota","FCFS","2020-01-01","2020-12-31","365","81000.00","KGM","3","N","90","","","","","CH"
"090941","143 Preferential tariff quota","FCFS","2020-01-01","2020-12-31","365","54000.00","KGM","3","N","90","","","","","CH"
"090942","143 Preferential tariff quota","FCFS","2020-01-01","2020-12-31","365","5000.00","KGM","3","N","90","","","","","CH"
"090943","143 Preferential tariff quota","FCFS","2020-01-01","2020-12-31","365","5000.00","KGM","3","N","90","","","","","CH"
"090944","143 Preferential tariff quota","FCFS","2020-01-01","2020-12-31","365","270.00","KGM","3","N","90","","","","","CH"
"090945","143 Preferential tariff quota","FCFS","2020-01-01","2020-12-31","365","161000.00","KGM","3","N","90","","","","","CH"
"090946","143 Preferential tariff quota","FCFS","2020-01-01","2020-12-31","365","27000.00","KGM","3","N","90","","","","","CH"
"090948","143 Preferential tariff quota","FCFS","2020-01-01","2020-12-31","365","11000.00","KGM","3","N","90","","","","","CH"
"090950","143 Preferential tariff quota","FCFS","2020-01-01","2020-12-31","365","16000.00","KGM","3","N","90","","","","","CH"
"094155","143 Preferential tariff quota","Licensed","2019-04-13","2019-12-31","262","107000.00","KGM","3","N","90","","","","","CH"
"094202","143 Preferential tariff quota","Licensed","2019-04-13","2019-12-31","262","64000.00","KGM","3","N","90","","","","","CH"
"094203","143 Preferential tariff quota","Licensed","2019-04-13","2019-12-31","262","247.00","NAR","3","N","90","","","","","CH"
"090671","143 Preferential tariff quota","FCFS","2019-04-13","2019-12-31","262","69000.00","KGM","3","Y","90","","","","","FO"
"090672","143 Preferential tariff quota","FCFS","2019-04-13","2019-12-31","262","74000.00","KGM","3","Y","90","","","","","FO"
"090674","143 Preferential tariff quota","FCFS","2019-04-13","2019-12-31","262","118000.00","KGM","3","Y","90","","","","","FO"
"090675","143 Preferential tariff quota","FCFS","2019-04-13","2019-12-31","262","39000.00","KGM","3","Y","90","","","","","FO"
"090676","143 Preferential tariff quota","FCFS","2019-04-13","2019-12-31","262","74000.00","KGM","3","Y","90","","","","","FO"
"090679","143 Preferential tariff quota","FCFS","2019-04-13","2019-12-31","262","393000.00","KGM","3","Y","90","","","","","FO"
"090681","143 Preferential tariff quota","FCFS","2019-04-13","2019-12-31","262","118000.00","KGM","3","Y","90","","","","","FO"
"090689","143 Preferential tariff quota","FCFS","2019-04-13","2019-12-31","262","1963000.00","KGM","3","Y","90","","","","","FO"
"090690","143 Preferential tariff quota","FCFS","2019-04-13","2019-12-31","262","2000.00","KGM","3","Y","90","","","","","FO"
"092129","143 Preferential tariff quota","FCFS","2019-04-13","2019-12-31","262","2000.00","KGM","3","Y","90","","","","","FO"
"092130","143 Preferential tariff quota","FCFS","2019-04-13","2019-12-31","262","2000.00","KGM","3","Y","90","","","","","FO"
"090671","143 Preferential tariff quota","FCFS","2020-01-01","2020-12-31","365","95000.00","KGM","3","Y","90","","","","","FO"
"090672","143 Preferential tariff quota","FCFS","2020-01-01","2020-12-31","365","102000.00","KGM","3","Y","90","","","","","FO"
"090674","143 Preferential tariff quota","FCFS","2020-01-01","2020-12-31","365","163000.00","KGM","3","Y","90","","","","","FO"
"090675","143 Preferential tariff quota","FCFS","2020-01-01","2020-12-31","365","54000.00","KGM","3","Y","90","","","","","FO"
"090676","143 Preferential tariff quota","FCFS","2020-01-01","2020-12-31","365","102000.00","KGM","3","Y","90","","","","","FO"
"090679","143 Preferential tariff quota","FCFS","2020-01-01","2020-12-31","365","545000.00","KGM","3","Y","90","","","","","FO"
"090681","143 Preferential tariff quota","FCFS","2020-01-01","2020-12-31","365","163000.00","KGM","3","Y","90","","","","","FO"
"090689","143 Preferential tariff quota","FCFS","2020-01-01","2020-12-31","365","2724000.00","KGM","3","Y","90","","","","","FO"
"090690","143 Preferential tariff quota","FCFS","2020-01-01","2020-12-31","365","3000.00","KGM","3","Y","90","","","","","FO"
"092129","143 Preferential tariff quota","FCFS","2020-01-01","2020-12-31","365","3000.00","KGM","3","Y","90","","","","","FO"
"092130","143 Preferential tariff quota","FCFS","2020-01-01","2020-12-31","365","3000.00","KGM","3","Y","90","","","","","FO"
"091300","143 Preferential tariff quota","FCFS","2019-04-13","2019-06-30","78","4229000.00","KGM","3","Y","90","","","","","IL"
"091302","143 Preferential tariff quota","FCFS","2019-04-13","2019-12-31","262","128000.00","KGM","3","Y","90","","","","","IL"
"091303","143 Preferential tariff quota","FCFS","2019-04-13","2019-12-31","262","1693000.00","KGM","3","Y","90","","","","","IL"
"091304","143 Preferential tariff quota","FCFS","2019-04-13","2019-12-31","262","2748000.00","KGM","3","Y","90","","","","","IL"
"091306","143 Preferential tariff quota","FCFS","2019-04-13","2019-12-31","262","2178000.00","KGM","3","Y","90","","","","","IL"
"091323","143 Preferential tariff quota","FCFS","2019-04-13","2019-12-31","262","21983000.00","KGM","3","Y","90","","","","","IL"
"091331","143 Preferential tariff quota","FCFS","2019-04-13","2019-12-31","262","3435000.00","KGM","3","Y","90","","","","","IL"
"091333","143 Preferential tariff quota","FCFS","2019-04-13","2019-12-31","262","2088000.00","KGM","3","Y","90","","","","","IL"
"091341","143 Preferential tariff quota","FCFS","2019-04-13","2019-04-15","2","19000.00","KGM","3","Y","90","","","","","IL"
"091342","143 Preferential tariff quota","FCFS","2019-04-13","2019-12-31","262","491000.00","KGM","3","Y","90","","","","","IL"
"091353","143 Preferential tariff quota","FCFS","2019-04-13","2019-12-31","262","1040000.00","KGM","3","Y","90","","","","","IL"
"091354","143 Preferential tariff quota","FCFS","2019-04-13","2019-12-31","262","530000.00","KGM","3","Y","90","","","","","IL"
"091361","143 Preferential tariff quota","FCFS","2019-04-13","2019-12-31","262","12750.00","NAR","3","Y","90","","","","","IL"
"091368","143 Preferential tariff quota","FCFS","2019-04-13","2019-12-31","262","98000.00","KGM","3","Y","90","","","","","IL"
"091369","143 Preferential tariff quota","FCFS","2019-04-13","2019-12-31","262","117000.00","KGM","3","Y","90","","","","","IL"
"091370","143 Preferential tariff quota","FCFS","2019-04-13","2019-12-31","262","3926000.00","KGM","3","Y","90","","","","","IL"
"091371","143 Preferential tariff quota","FCFS","2019-04-13","2019-09-30","170","1826000.00","KGM","3","Y","90","","","","","IL"
"091372","143 Preferential tariff quota","FCFS","2019-04-13","2019-12-31","262","491000.00","KGM","3","Y","90","","","","","IL"
"091373","143 Preferential tariff quota","FCFS","2019-04-13","2019-12-31","262","196000.00","KGM","3","Y","90","","","","","IL"
"091374","143 Preferential tariff quota","FCFS","2019-04-13","2019-12-31","262","10000.00","KGM","3","Y","90","","","","","IL"
"091375","143 Preferential tariff quota","FCFS","2019-04-13","2019-12-31","262","246000.00","KGM","3","Y","90","","","","","IL"
"091376","143 Preferential tariff quota","FCFS","2019-04-13","2019-12-31","262","314000.00","KGM","3","Y","90","","","","","IL"
"091377","143 Preferential tariff quota","FCFS","2019-04-13","2019-12-31","262","77000.00","KGM","3","Y","90","","","","","IL"
"091378","143 Preferential tariff quota","FCFS","2019-04-13","2019-12-31","262","11000.00","KGM","3","Y","90","","","","","IL"
"091379","143 Preferential tariff quota","FCFS","2019-04-13","2019-12-31","262","1929000.00","KGM","3","Y","90","","","","","IL"
"091380","143 Preferential tariff quota","FCFS","2019-04-13","2019-12-31","262","87600.00","LTR","3","Y","90","","","","","IL"
"091397","143 Preferential tariff quota","FCFS","2019-04-13","2019-05-31","48","659000.00","KGM","3","Y","90","","","","","IL"
"091398","143 Preferential tariff quota","FCFS","2019-04-13","2019-04-30","17","68000.00","KGM","3","Y","90","","","","","IL"
"091399","143 Preferential tariff quota","FCFS","2019-04-13","2019-12-31","262","24000.00","KGM","3","Y","90","","","","","IL"
"094091","143 Preferential tariff quota","Licensed","2019-04-13","2019-12-31","262","393000.00","KGM","3","Y","90","","","","","IL"
"094092","143 Preferential tariff quota","Licensed","2019-04-13","2019-12-31","262","55000.00","KGM","3","Y","90","","","","","IL"
"091300","143 Preferential tariff quota","FCFS","2020-01-01","2020-06-30","181","9689000.00","KGM","3","Y","90","","","","","IL"
"091302","143 Preferential tariff quota","FCFS","2020-01-01","2020-12-31","365","177000.00","KGM","3","Y","90","","","","","IL"
"091303","143 Preferential tariff quota","FCFS","2020-01-01","2020-12-31","365","2349000.00","KGM","3","Y","90","","","","","IL"
"091304","143 Preferential tariff quota","FCFS","2020-01-01","2020-12-31","365","3814000.00","KGM","3","Y","90","","","","","IL"
"091306","143 Preferential tariff quota","FCFS","2020-01-01","2020-12-31","365","3023000.00","KGM","3","Y","90","","","","","IL"
"091323","143 Preferential tariff quota","FCFS","2020-01-01","2020-12-31","365","30509000.00","KGM","3","Y","90","","","","","IL"
"091331","143 Preferential tariff quota","FCFS","2020-01-01","2020-12-31","365","4767000.00","KGM","3","Y","90","","","","","IL"
"091333","143 Preferential tariff quota","FCFS","2020-01-01","2020-12-31","365","2898000.00","KGM","3","Y","90","","","","","IL"
"091341","143 Preferential tariff quota","FCFS","2019-11-01","2020-04-15","166","1068000.00","KGM","3","Y","90","","","","","IL"
"091342","143 Preferential tariff quota","FCFS","2020-01-01","2020-12-31","365","681000.00","KGM","3","Y","90","","","","","IL"
"091353","143 Preferential tariff quota","FCFS","2020-01-01","2020-12-31","365","1444000.00","KGM","3","Y","90","","","","","IL"
"091354","143 Preferential tariff quota","FCFS","2020-01-01","2020-12-31","365","735000.00","KGM","3","Y","90","","","","","IL"
"091361","143 Preferential tariff quota","FCFS","2020-01-01","2020-12-31","365","17695.00","NAR","3","Y","90","","","","","IL"
"091368","143 Preferential tariff quota","FCFS","2020-01-01","2020-12-31","365","136000.00","KGM","3","Y","90","","","","","IL"
"091369","143 Preferential tariff quota","FCFS","2020-01-01","2020-12-31","365","163000.00","KGM","3","Y","90","","","","","IL"
"091370","143 Preferential tariff quota","FCFS","2020-01-01","2020-12-31","365","5448000.00","KGM","3","Y","90","","","","","IL"
"091371","143 Preferential tariff quota","FCFS","2020-03-15","2020-09-30","199","2136000.00","KGM","3","Y","90","","","","","IL"
"091372","143 Preferential tariff quota","FCFS","2020-01-01","2020-12-31","365","681000.00","KGM","3","Y","90","","","","","IL"
"091373","143 Preferential tariff quota","FCFS","2020-01-01","2020-12-31","365","272000.00","KGM","3","Y","90","","","","","IL"
"091374","143 Preferential tariff quota","FCFS","2020-01-01","2020-12-31","365","14000.00","KGM","3","Y","90","","","","","IL"
"091375","143 Preferential tariff quota","FCFS","2020-01-01","2020-12-31","365","341000.00","KGM","3","Y","90","","","","","IL"
"091376","143 Preferential tariff quota","FCFS","2020-01-01","2020-12-31","365","436000.00","KGM","3","Y","90","","","","","IL"
"091377","143 Preferential tariff quota","FCFS","2020-01-01","2020-12-31","365","107000.00","KGM","3","Y","90","","","","","IL"
"091378","143 Preferential tariff quota","FCFS","2020-01-01","2020-12-31","365","15000.00","KGM","3","Y","90","","","","","IL"
"091379","143 Preferential tariff quota","FCFS","2020-01-01","2020-12-31","365","2677000.00","KGM","3","Y","90","","","","","IL"
"091380","143 Preferential tariff quota","FCFS","2020-01-01","2020-12-31","365","121600.00","LTR","3","Y","90","","","","","IL"
"091397","143 Preferential tariff quota","FCFS","2019-08-01","2020-05-31","304","4086000.00","KGM","3","Y","90","","","","","IL"
"091398","143 Preferential tariff quota","FCFS","2019-11-01","2020-04-30","181","681000.00","KGM","3","Y","90","","","","","IL"
"091399","143 Preferential tariff quota","FCFS","2020-01-01","2020-12-31","365","34000.00","KGM","3","Y","90","","","","","IL"
"094091","143 Preferential tariff quota","Licensed","2020-01-01","2020-12-31","365","545000.00","KGM","3","Y","90","","","","","IL"
"094092","143 Preferential tariff quota","Licensed","2020-01-01","2020-12-31","365","76000.00","KGM","3","Y","90","","","","","IL"
"091618","143 Preferential tariff quota","FCFS","2019-04-13","2019-12-31","262","4539000.00","KGM","3","Y","90","","","","","1034"
"091618","143 Preferential tariff quota","FCFS","2020-01-01","2020-12-31","365","6300000.00","KGM","3","Y","90","","","","","1034"
"091619","143 Preferential tariff quota","FCFS","2019-04-13","2019-12-31","262","245000.00","KGM","3","Y","90","","","","","1034"
"091619","143 Preferential tariff quota","FCFS","2020-01-01","2020-12-31","365","340000.00","KGM","3","Y","90","","","","","1034"
"090703","143 Preferential tariff quota","FCFS","2019-04-13","2019-12-31","262","5000.00","KGM","3","Y","90","","","","","NO"
"090709","143 Preferential tariff quota","FCFS","2019-04-13","2019-12-31","262","2000.00","LTR","3","Y","90","","","","","NO"
"090710","143 Preferential tariff quota","FCFS","2019-04-13","2019-04-30","17","28000.00","KGM","3","Y","90","","","","","NO"
"090712","143 Preferential tariff quota","FCFS","2019-04-13","2019-04-30","17","13000.00","KGM","3","Y","90","","","","","NO"
"090713","143 Preferential tariff quota","FCFS","2019-04-13","2019-04-30","17","7000.00","KGM","3","Y","90","","","","","NO"
"090714","143 Preferential tariff quota","FCFS","2019-04-13","2019-04-30","17","18000.00","KGM","3","Y","90","","","","","NO"
"090722","143 Preferential tariff quota","FCFS","2019-04-13","2019-12-31","262","27000.00","KGM","3","Y","90","","","","","NO"
"090723","143 Preferential tariff quota","FCFS","2019-06-16","2020-02-14","243","7000.00","KGM","3","Y","90","","","","","NO"
"090725","143 Preferential tariff quota","FCFS","2019-06-16","2020-02-14","243","191000.00","KGM","3","Y","90","","","","","NO"
"090730","143 Preferential tariff quota","FCFS","2019-04-13","2019-12-31","262","2845000.00","KGM","3","Y","90","","","","","NO"
"090732","143 Preferential tariff quota","FCFS","2019-04-13","2019-12-31","262","3000.00","KGM","3","Y","90","","","","","NO"
"090733","143 Preferential tariff quota","FCFS","2019-04-13","2019-12-31","262","1000.00","KGM","3","Y","90","","","","","NO"
"090734","143 Preferential tariff quota","FCFS","2019-04-13","2019-12-31","262","14000.00","KGM","3","Y","90","","","","","NO"
"090735","143 Preferential tariff quota","FCFS","2019-04-13","2019-12-31","262","110000.00","KGM","3","Y","90","","","","","NO"
"090736","143 Preferential tariff quota","FCFS","2019-04-13","2019-12-31","262","19000.00","KGM","3","Y","90","","","","","NO"
"090738","143 Preferential tariff quota","FCFS","2019-04-13","2019-12-31","262","1000.00","KGM","3","Y","90","","","","","NO"
"090745","143 Preferential tariff quota","FCFS","2019-04-13","2019-12-31","262","560000.00","KGM","3","Y","90","","","","","NO"
"090749","143 Preferential tariff quota","FCFS","2019-04-13","2019-04-30","17","38000.00","KGM","3","Y","90","","","","","NO"
"090750","143 Preferential tariff quota","FCFS","2019-05-01","2020-04-30","365","1000.00","KGM","3","Y","90","","","","","NO"
"090752","143 Preferential tariff quota","FCFS","2019-04-13","2019-12-31","262","142000.00","KGM","3","Y","90","","","","","NO"
"090756","143 Preferential tariff quota","FCFS","2019-04-13","2019-12-31","262","113000.00","KGM","3","Y","90","","","","","NO"
"090779","143 Preferential tariff quota","FCFS","2019-04-13","2019-12-31","262","695000.00","KGM","3","Y","90","","","","","NO"
"090818","143 Preferential tariff quota","FCFS","2019-04-13","2019-04-30","17","1000.00","KGM","3","Y","90","","","","","NO"
"090820","143 Preferential tariff quota","FCFS","2019-04-13","2019-04-30","17","1000.00","KGM","3","Y","90","","","","","NO"
"094179","143 Preferential tariff quota","Licensed","2019-04-13","2019-12-31","262","56000.00","KGM","3","Y","90","","","","","NO"
"090709","143 Preferential tariff quota","FCFS","2020-01-01","2020-12-31","365","3000.00","LTR","3","Y","90","","","","","NO"
"090710","143 Preferential tariff quota","FCFS","2019-05-01","2020-04-30","365","571000.00","KGM","3","Y","90","","","","","NO"
"090712","143 Preferential tariff quota","FCFS","2019-05-01","2020-04-30","365","259000.00","KGM","3","Y","90","","","","","NO"
"090713","143 Preferential tariff quota","FCFS","2019-05-01","2020-04-30","365","140000.00","KGM","3","Y","90","","","","","NO"
"090714","143 Preferential tariff quota","FCFS","2019-05-01","2020-04-30","365","373000.00","KGM","3","Y","90","","","","","NO"
"090722","143 Preferential tariff quota","FCFS","2020-01-01","2020-12-31","365","37000.00","KGM","3","Y","90","","","","","NO"
"090723","143 Preferential tariff quota","FCFS","2020-06-16","2021-02-14","243","7000.00","KGM","3","Y","90","","","","","NO"
"090725","143 Preferential tariff quota","FCFS","2020-06-16","2021-02-14","243","191000.00","KGM","3","Y","90","","","","","NO"
"090730","143 Preferential tariff quota","FCFS","2020-01-01","2020-12-31","365","3949000.00","KGM","3","Y","90","","","","","NO"
"090732","143 Preferential tariff quota","FCFS","2020-01-01","2020-12-31","365","4000.00","KGM","3","Y","90","","","","","NO"
"090733","143 Preferential tariff quota","FCFS","2020-01-01","2020-12-31","365","1000.00","KGM","3","Y","90","","","","","NO"
"090734","143 Preferential tariff quota","FCFS","2020-01-01","2020-12-31","365","19000.00","KGM","3","Y","90","","","","","NO"
"090735","143 Preferential tariff quota","FCFS","2020-01-01","2020-12-31","365","153000.00","KGM","3","Y","90","","","","","NO"
"090736","143 Preferential tariff quota","FCFS","2020-01-01","2020-12-31","365","27000.00","KGM","3","Y","90","","","","","NO"
"090738","143 Preferential tariff quota","FCFS","2020-01-01","2020-12-31","365","1000.00","KGM","3","Y","90","","","","","NO"
"090745","143 Preferential tariff quota","FCFS","2020-01-01","2020-12-31","365","777000.00","KGM","3","Y","90","","","","","NO"
"090749","143 Preferential tariff quota","FCFS","2019-05-01","2020-04-30","365","777000.00","KGM","3","Y","90","","","","","NO"
"090750","143 Preferential tariff quota","FCFS","2019-05-01","2020-04-30","365","1000.00","KGM","3","Y","90","","","","","NO"
"090752","143 Preferential tariff quota","FCFS","2020-01-01","2020-12-31","365","197000.00","KGM","3","Y","90","","","","","NO"
"090756","143 Preferential tariff quota","FCFS","2020-01-01","2020-12-31","365","157000.00","KGM","3","Y","90","","","","","NO"
"090779","143 Preferential tariff quota","FCFS","2020-01-01","2020-12-31","365","964000.00","KGM","3","Y","90","","","","","NO"
"090818","143 Preferential tariff quota","FCFS","2019-05-01","2020-04-30","365","14000.00","KGM","3","Y","90","","","","","NO"
"090820","143 Preferential tariff quota","FCFS","2019-05-01","2020-04-30","365","16000.00","KGM","3","Y","90","","","","","NO"
"094179","143 Preferential tariff quota","Licensed","2020-01-01","2020-12-31","365","56000.00","KGM","3","Y","90","","","","","NO"
"090793","143 Preferential tariff quota","FCFS","2019-04-13","2019-12-31","262","24000.00","KGM","3","Y","90","","","","","IS"
"090794","143 Preferential tariff quota","FCFS","2019-04-13","2019-12-31","262","46000.00","KGM","3","Y","90","","","","","IS"
"090796","143 Preferential tariff quota","FCFS","2019-04-13","2019-12-31","262","3000.00","KGM","3","Y","90","","","","","IS"
"090811","143 Preferential tariff quota","FCFS","2019-04-13","2019-04-30","17","1000.00","KGM","3","Y","90","","","","","IS"
"090812","143 Preferential tariff quota","FCFS","2019-04-13","2019-04-30","17","2000.00","KGM","3","Y","90","","","","","IS"
"090833","143 Preferential tariff quota","FCFS","2019-04-13","2019-12-31","262","499000.00","KGM","3","Y","90","","","","","IS"
"094226","143 Preferential tariff quota","Licensed","2019-04-13","2019-12-31","262","36000.00","KGM","3","Y","90","","","","","IS"
"090793","143 Preferential tariff quota","FCFS","2020-01-01","2020-12-31","365","33000.00","KGM","3","Y","90","","","","","IS"
"090794","143 Preferential tariff quota","FCFS","2020-01-01","2020-12-31","365","64000.00","KGM","3","Y","90","","","","","IS"
"090796","143 Preferential tariff quota","FCFS","2020-01-01","2020-12-31","365","4000.00","KGM","3","Y","90","","","","","IS"
"090811","143 Preferential tariff quota","FCFS","2019-05-01","2020-04-30","365","11000.00","KGM","3","Y","90","","","","","IS"
"090812","143 Preferential tariff quota","FCFS","2019-05-01","2020-04-30","365","33000.00","KGM","3","Y","90","","","","","IS"
"090833","143 Preferential tariff quota","FCFS","2020-01-01","2020-12-31","365","692000.00","KGM","3","Y","90","","","","","IS"
"094226","143 Preferential tariff quota","Licensed","2020-01-01","2020-12-31","365","330000.00","KGM","3","Y","90","","","","","IS"
"097501","143 Preferential tariff quota","FCFS","2019-04-13","2019-12-31","262","1472000.00","KGM","3","Y","90","","","","","EC"
"097502","143 Preferential tariff quota","FCFS","2019-04-13","2019-12-31","262","20000.00","KGM","3","Y","90","","","","","EC"
"097503","143 Preferential tariff quota","FCFS","2019-04-13","2019-12-31","262","2000.00","KGM","3","Y","90","","","","","EC"
"097504","143 Preferential tariff quota","FCFS","2019-04-13","2019-12-31","262","10000.00","KGM","3","Y","90","","","","","EC"
"097505","143 Preferential tariff quota","FCFS","2019-04-13","2019-12-31","262","2000.00","KGM","3","Y","90","","","","","EC"
"097506","143 Preferential tariff quota","FCFS","2019-04-13","2019-12-31","262","4000.00","KGM","3","Y","90","","","","","EC"
"097507","143 Preferential tariff quota","FCFS","2019-04-13","2019-12-31","262","1000.00","KGM","3","Y","90","","","","","EC"
"097508","143 Preferential tariff quota","FCFS","2019-04-13","2019-12-31","262","2000.00","KGM","3","Y","90","","","","","EC"
"097509","143 Preferential tariff quota","FCFS","2019-04-13","2019-12-31","262","17000.00","KGM","3","Y","90","","","","","EC"
"097510","143 Preferential tariff quota","FCFS","2019-04-13","2019-12-31","262","1963.00","NAR","3","Y","90","","","","","EC"
"097511","143 Preferential tariff quota","FCFS","2019-04-13","2019-12-31","262","4907000.00","KGM","3","Y","90","","","","","EC"
"097512","143 Preferential tariff quota","FCFS","2019-04-13","2019-12-31","262","4907000.00","KGM","3","Y","90","","","","","EC"
"097525","143 Preferential tariff quota","FCFS","2019-04-13","2019-12-31","262","19000.00","KGM","3","Y","90","","","","","EC"
"097526","143 Preferential tariff quota","FCFS","2019-04-13","2019-12-31","262","12000.00","KGM","3","Y","90","","","","","EC"
"097527","143 Preferential tariff quota","FCFS","2019-04-13","2019-12-31","262","4000.00","KGM","3","Y","90","","","","","EC"
"097528","143 Preferential tariff quota","FCFS","2019-04-13","2019-12-31","262","15000.00","KGM","3","Y","90","","","","","EC"
"097529","143 Preferential tariff quota","FCFS","2019-04-13","2019-12-31","262","1498000.00","KGM","3","Y","90","","","","","EC"
"097530","143 Preferential tariff quota","FCFS","2019-04-13","2019-12-31","262","191000.00","KGM","3","Y","90","","","","","EC"
"097531","143 Preferential tariff quota","FCFS","2019-04-13","2019-12-31","262","115000.00","KGM","3","Y","90","","","","","EC"
"097532","143 Preferential tariff quota","FCFS","2019-04-13","2019-12-31","262","1561000.00","KGM","3","Y","90","","","","","EC"
"097533","143 Preferential tariff quota","FCFS","2019-04-13","2019-12-31","262","393000.00","KGM","3","Y","90","","","","","EC"
"097534","143 Preferential tariff quota","FCFS","2019-04-13","2019-12-31","262","1000.00","KGM","3","Y","90","","","","","EC"
"097501","143 Preferential tariff quota","FCFS","2019-01-01","2020-12-31","730","2043000.00","KGM","3","Y","90","","","","","EC"
"097502","143 Preferential tariff quota","FCFS","2019-01-01","2020-12-31","730","27000.00","KGM","3","Y","90","","","","","EC"
"097503","143 Preferential tariff quota","FCFS","2019-01-01","2020-12-31","730","3000.00","KGM","3","Y","90","","","","","EC"
"097504","143 Preferential tariff quota","FCFS","2019-01-01","2020-12-31","730","14000.00","KGM","3","Y","90","","","","","EC"
"097505","143 Preferential tariff quota","FCFS","2019-01-01","2020-12-31","730","3000.00","KGM","3","Y","90","","","","","EC"
"097506","143 Preferential tariff quota","FCFS","2019-01-01","2020-12-31","730","5000.00","KGM","3","Y","90","","","","","EC"
"097507","143 Preferential tariff quota","FCFS","2019-01-01","2020-12-31","730","2000.00","KGM","3","Y","90","","","","","EC"
"097508","143 Preferential tariff quota","FCFS","2019-01-01","2020-12-31","730","3000.00","KGM","3","Y","90","","","","","EC"
"097509","143 Preferential tariff quota","FCFS","2019-01-01","2020-12-31","730","24000.00","KGM","3","Y","90","","","","","EC"
"097510","143 Preferential tariff quota","FCFS","2019-01-01","2020-12-31","730","2724.00","NAR","3","Y","90","","","","","EC"
"097511","143 Preferential tariff quota","FCFS","2019-01-01","2020-12-31","730","6810000.00","KGM","3","Y","90","","","","","EC"
"097512","143 Preferential tariff quota","FCFS","2019-01-01","2020-12-31","730","6810000.00","KGM","3","Y","90","","","","","EC"
"097525","143 Preferential tariff quota","FCFS","2019-01-01","2020-12-31","730","27000.00","KGM","3","Y","90","","","","","EC"
"097526","143 Preferential tariff quota","FCFS","2019-01-01","2020-12-31","730","16000.00","KGM","3","Y","90","","","","","EC"
"097527","143 Preferential tariff quota","FCFS","2019-01-01","2020-12-31","730","5000.00","KGM","3","Y","90","","","","","EC"
"097528","143 Preferential tariff quota","FCFS","2019-01-01","2020-12-31","730","21000.00","KGM","3","Y","90","","","","","EC"
"097529","143 Preferential tariff quota","FCFS","2019-01-01","2020-12-31","730","2079000.00","KGM","3","Y","90","","","","","EC"
"097530","143 Preferential tariff quota","FCFS","2019-01-01","2020-12-31","730","265000.00","KGM","3","Y","90","","","","","EC"
"097531","143 Preferential tariff quota","FCFS","2019-01-01","2020-12-31","730","159000.00","KGM","3","Y","90","","","","","EC"
"097532","143 Preferential tariff quota","FCFS","2019-01-01","2020-12-31","730","2166000.00","KGM","3","Y","90","","","","","EC"
"097533","143 Preferential tariff quota","FCFS","2019-01-01","2020-12-31","730","546000.00","KGM","3","Y","90","","","","","EC"
"097534","143 Preferential tariff quota","FCFS","2019-01-01","2020-12-31","730","1400.00","KGM","3","Y","90","","","","","EC"
"097140","143 Preferential tariff quota","FCFS","2019-04-13","2019-07-31","109","616000.00","KGM","3","Y","90","","","","","CO"
"097141","143 Preferential tariff quota","FCFS","2019-04-13","2019-07-31","109","8000.00","KGM","3","Y","90","","","","","CO"
"097142","143 Preferential tariff quota","FCFS","2019-04-13","2019-07-31","109","1000.00","KGM","3","Y","90","","","","","CO"
"097143","143 Preferential tariff quota","FCFS","2019-04-13","2019-07-31","109","4000.00","KGM","3","Y","90","","","","","CO"
"097144","143 Preferential tariff quota","FCFS","2019-04-13","2019-07-31","109","1000.00","KGM","3","Y","90","","","","","CO"
"097145","143 Preferential tariff quota","FCFS","2019-04-13","2019-07-31","109","2000.00","KGM","3","Y","90","","","","","CO"
"097146","143 Preferential tariff quota","FCFS","2019-04-13","2019-07-31","109","1000.00","KGM","3","Y","90","","","","","CO"
"097147","143 Preferential tariff quota","FCFS","2019-04-13","2019-07-31","109","1000.00","KGM","3","Y","90","","","","","CO"
"097148","143 Preferential tariff quota","FCFS","2019-04-13","2019-07-31","109","7000.00","KGM","3","Y","90","","","","","CO"
"097161","143 Preferential tariff quota","FCFS","2019-04-13","2019-07-31","109","821.00","NAR","3","Y","90","","","","","CO"
"097162","143 Preferential tariff quota","FCFS","2019-04-13","2019-07-31","109","2052000.00","KGM","3","Y","90","","","","","CO"
"097163","143 Preferential tariff quota","FCFS","2019-04-13","2019-07-31","109","2052000.00","KGM","3","Y","90","","","","","CO"
"097230","143 Preferential tariff quota","FCFS","2019-04-13","2019-12-31","262","517000.00","KGM","3","Y","90","","","","","CO"
"097231","143 Preferential tariff quota","FCFS","2019-04-13","2019-12-31","262","7000.00","KGM","3","Y","90","","","","","CO"
"097232","143 Preferential tariff quota","FCFS","2019-04-13","2019-12-31","262","12100.00","LPA","3","Y","90","","","","","CO"
"097233","143 Preferential tariff quota","FCFS","2019-04-13","2019-12-31","262","15000.00","KGM","3","Y","90","","","","","CO"
"097234","143 Preferential tariff quota","FCFS","2019-04-13","2019-12-31","262","7000.00","KGM","3","Y","90","","","","","CO"
"097235","143 Preferential tariff quota","FCFS","2019-04-13","2019-12-31","262","4222000.00","KGM","3","Y","90","","","","","CO"
"097236","143 Preferential tariff quota","FCFS","2019-04-13","2019-12-31","262","1362000.00","KGM","3","Y","90","","","","","CO"
"097237","143 Preferential tariff quota","FCFS","2019-04-13","2019-12-31","262","7000.00","KGM","3","Y","90","","","","","CO"
"097140","143 Preferential tariff quota","FCFS","2019-08-01","2020-07-31","365","2043000.00","KGM","3","Y","90","","","","","CO"
"097141","143 Preferential tariff quota","FCFS","2019-08-01","2020-07-31","365","27000.00","KGM","3","Y","90","","","","","CO"
"097142","143 Preferential tariff quota","FCFS","2019-08-01","2020-07-31","365","3000.00","KGM","3","Y","90","","","","","CO"
"097143","143 Preferential tariff quota","FCFS","2019-08-01","2020-07-31","365","14000.00","KGM","3","Y","90","","","","","CO"
"097144","143 Preferential tariff quota","FCFS","2019-08-01","2020-07-31","365","3000.00","KGM","3","Y","90","","","","","CO"
"097145","143 Preferential tariff quota","FCFS","2019-08-01","2020-07-31","365","5000.00","KGM","3","Y","90","","","","","CO"
"097146","143 Preferential tariff quota","FCFS","2019-08-01","2020-07-31","365","2000.00","KGM","3","Y","90","","","","","CO"
"097147","143 Preferential tariff quota","FCFS","2019-08-01","2020-07-31","365","3000.00","KGM","3","Y","90","","","","","CO"
"097148","143 Preferential tariff quota","FCFS","2019-08-01","2020-07-31","365","24000.00","KGM","3","Y","90","","","","","CO"
"097161","143 Preferential tariff quota","FCFS","2019-08-01","2020-07-31","365","2724.00","NAR","3","Y","90","","","","","CO"
"097162","143 Preferential tariff quota","FCFS","2019-08-01","2020-07-31","365","6810000.00","KGM","3","Y","90","","","","","CO"
"097163","143 Preferential tariff quota","FCFS","2019-08-01","2020-07-31","365","6810000.00","KGM","3","Y","90","","","","","CO"
"097230","143 Preferential tariff quota","FCFS","2020-01-01","2020-12-31","365","718000.00","KGM","3","Y","90","","","","","CO"
"097231","143 Preferential tariff quota","FCFS","2020-01-01","2020-12-31","365","10000.00","KGM","3","Y","90","","","","","CO"
"097232","143 Preferential tariff quota","FCFS","2020-01-01","2020-12-31","365","16800.00","LPA","3","Y","90","","","","","CO"
"097233","143 Preferential tariff quota","FCFS","2020-01-01","2020-12-31","365","21000.00","KGM","3","Y","90","","","","","CO"
"097234","143 Preferential tariff quota","FCFS","2020-01-01","2020-12-31","365","10000.00","KGM","3","Y","90","","","","","CO"
"097235","143 Preferential tariff quota","FCFS","2020-01-01","2020-12-31","365","5860000.00","KGM","3","Y","90","","","","","CO"
"097236","143 Preferential tariff quota","FCFS","2020-01-01","2020-12-31","365","1890000.00","KGM","3","Y","90","","","","","CO"
"097237","143 Preferential tariff quota","FCFS","2020-01-01","2020-12-31","365","10000.00","KGM","3","Y","90","","","","","CO"
"097170","143 Preferential tariff quota","FCFS","2019-04-13","2020-02-29","322","1803000.00","KGM","3","Y","90","","","","","PE"
"097171","143 Preferential tariff quota","FCFS","2019-04-13","2020-02-29","322","96000.00","KGM","3","Y","90","","","","","PE"
"097172","143 Preferential tariff quota","FCFS","2019-04-13","2020-02-29","322","24000.00","KGM","3","Y","90","","","","","PE"
"097173","143 Preferential tariff quota","FCFS","2019-04-13","2020-02-29","322","3000.00","KGM","3","Y","90","","","","","PE"
"097174","143 Preferential tariff quota","FCFS","2019-04-13","2020-02-29","322","12000.00","KGM","3","Y","90","","","","","PE"
"097175","143 Preferential tariff quota","FCFS","2019-04-13","2020-02-29","322","3000.00","KGM","3","Y","90","","","","","PE"
"097176","143 Preferential tariff quota","FCFS","2019-04-13","2020-02-29","322","5000.00","KGM","3","Y","90","","","","","PE"
"097177","143 Preferential tariff quota","FCFS","2019-04-13","2020-02-29","322","2000.00","KGM","3","Y","90","","","","","PE"
"097178","143 Preferential tariff quota","FCFS","2019-04-13","2020-02-29","322","3000.00","KGM","3","Y","90","","","","","PE"
"097179","143 Preferential tariff quota","FCFS","2019-04-13","2020-02-29","322","21000.00","KGM","3","Y","90","","","","","PE"
"097192","143 Preferential tariff quota","FCFS","2019-04-13","2020-02-29","322","2404.00","NAR","3","Y","90","","","","","PE"
"097193","143 Preferential tariff quota","FCFS","2019-04-13","2020-02-29","322","6010000.00","KGM","3","Y","90","","","","","PE"
"097194","143 Preferential tariff quota","FCFS","2019-04-13","2020-02-29","322","6010000.00","KGM","3","Y","90","","","","","PE"
"097195","143 Preferential tariff quota","FCFS","2019-04-13","2020-02-29","322","588000.00","KGM","3","Y","90","","","","","PE"
"097196","143 Preferential tariff quota","FCFS","2019-04-13","2020-02-29","322","18000.00","KGM","3","Y","90","","","","","PE"
"097197","143 Preferential tariff quota","FCFS","2019-04-13","2020-02-29","322","9000.00","KGM","3","Y","90","","","","","PE"
"097198","143 Preferential tariff quota","FCFS","2019-04-13","2020-02-29","322","618000.00","KGM","3","Y","90","","","","","PE"
"097199","143 Preferential tariff quota","FCFS","2019-04-13","2020-02-29","322","368000.00","KGM","3","Y","90","","","","","PE"
"097200","143 Preferential tariff quota","FCFS","2019-04-13","2020-02-29","322","294000.00","KGM","3","Y","90","","","","","PE"
"097201","143 Preferential tariff quota","FCFS","2019-04-13","2020-02-29","322","118000.00","KGM","3","Y","90","","","","","PE"
"097202","143 Preferential tariff quota","FCFS","2019-04-13","2020-02-29","322","3000.00","KGM","3","Y","90","","","","","PE"
"097203","143 Preferential tariff quota","FCFS","2019-04-13","2020-02-29","322","59000.00","KGM","3","Y","90","","","","","PE"
"097204","143 Preferential tariff quota","FCFS","2019-04-13","2020-02-29","322","5000.00","KGM","3","Y","90","","","","","PE"
"097205","143 Preferential tariff quota","FCFS","2019-04-13","2020-02-29","322","74000.00","KGM","3","Y","90","","","","","PE"
"097210","143 Preferential tariff quota","FCFS","2019-04-13","2019-12-31","262","338000.00","KGM","3","Y","90","","","","","PE"
"097211","143 Preferential tariff quota","FCFS","2019-04-13","2019-12-31","262","298000.00","KGM","3","Y","90","","","","","PE"
"097212","143 Preferential tariff quota","FCFS","2019-04-13","2019-12-31","262","79000.00","KGM","3","Y","90","","","","","PE"
"097213","143 Preferential tariff quota","FCFS","2019-04-13","2019-12-31","262","393000.00","KGM","3","Y","90","","","","","PE"
"097214","143 Preferential tariff quota","FCFS","2019-04-13","2019-12-31","262","233000.00","KGM","3","Y","90","","","","","PE"
"097215","143 Preferential tariff quota","FCFS","2019-04-13","2019-12-31","262","24000.00","KGM","3","Y","90","","","","","PE"
"097216","143 Preferential tariff quota","FCFS","2019-04-13","2019-12-31","262","1570000.00","KGM","3","Y","90","","","","","PE"
"097217","143 Preferential tariff quota","FCFS","2019-04-13","2019-12-31","262","16000.00","KGM","3","Y","90","","","","","PE"
"097218","143 Preferential tariff quota","FCFS","2019-04-13","2019-12-31","262","471000.00","KGM","3","Y","90","","","","","PE"
"097219","143 Preferential tariff quota","FCFS","2019-04-13","2019-12-31","262","942000.00","KGM","3","Y","90","","","","","PE"
"097220","143 Preferential tariff quota","FCFS","2019-04-13","2019-12-31","262","300000.00","KGM","3","Y","90","","","","","PE"
"097221","143 Preferential tariff quota","FCFS","2019-04-13","2019-12-31","262","1177000.00","KGM","3","Y","90","","","","","PE"
"097222","143 Preferential tariff quota","FCFS","2019-04-13","2019-12-31","262","5339000.00","KGM","3","Y","90","","","","","PE"
"097223","143 Preferential tariff quota","FCFS","2019-04-13","2019-12-31","262","15700.00","LPA","3","Y","90","","","","","PE"
"097224","143 Preferential tariff quota","FCFS","2019-04-13","2019-12-31","262","110000.00","KGM","3","Y","90","","","","","PE"
"097225","143 Preferential tariff quota","FCFS","2019-04-13","2019-12-31","262","5000.00","KGM","3","Y","90","","","","","PE"
"097226","143 Preferential tariff quota","FCFS","2019-04-13","2019-12-31","262","3116000.00","KGM","3","Y","90","","","","","PE"
"097227","143 Preferential tariff quota","FCFS","2019-04-13","2019-12-31","262","1417000.00","KGM","3","Y","90","","","","","PE"
"097170","143 Preferential tariff quota","FCFS","2020-03-01","2021-02-28","364","2043000.00","KGM","3","Y","90","","","","","PE"
"097171","143 Preferential tariff quota","FCFS","2020-03-01","2021-02-28","364","108000.00","KGM","3","Y","90","","","","","PE"
"097172","143 Preferential tariff quota","FCFS","2020-03-01","2021-02-28","364","27000.00","KGM","3","Y","90","","","","","PE"
"097173","143 Preferential tariff quota","FCFS","2020-03-01","2021-02-28","364","3000.00","KGM","3","Y","90","","","","","PE"
"097174","143 Preferential tariff quota","FCFS","2020-03-01","2021-02-28","364","14000.00","KGM","3","Y","90","","","","","PE"
"097175","143 Preferential tariff quota","FCFS","2020-03-01","2021-02-28","364","3000.00","KGM","3","Y","90","","","","","PE"
"097176","143 Preferential tariff quota","FCFS","2020-03-01","2021-02-28","364","5000.00","KGM","3","Y","90","","","","","PE"
"097177","143 Preferential tariff quota","FCFS","2020-03-01","2021-02-28","364","2000.00","KGM","3","Y","90","","","","","PE"
"097178","143 Preferential tariff quota","FCFS","2020-03-01","2021-02-28","364","3000.00","KGM","3","Y","90","","","","","PE"
"097179","143 Preferential tariff quota","FCFS","2020-03-01","2021-02-28","364","24000.00","KGM","3","Y","90","","","","","PE"
"097192","143 Preferential tariff quota","FCFS","2020-03-01","2021-02-28","364","2724.00","NAR","3","Y","90","","","","","PE"
"097193","143 Preferential tariff quota","FCFS","2020-03-01","2021-02-28","364","6810000.00","KGM","3","Y","90","","","","","PE"
"097194","143 Preferential tariff quota","FCFS","2020-03-01","2021-02-28","364","6810000.00","KGM","3","Y","90","","","","","PE"
"097195","143 Preferential tariff quota","FCFS","2020-03-01","2021-02-28","364","666000.00","KGM","3","Y","90","","","","","PE"
"097196","143 Preferential tariff quota","FCFS","2020-03-01","2021-02-28","364","20000.00","KGM","3","Y","90","","","","","PE"
"097197","143 Preferential tariff quota","FCFS","2020-03-01","2021-02-28","364","10000.00","KGM","3","Y","90","","","","","PE"
"097198","143 Preferential tariff quota","FCFS","2020-03-01","2021-02-28","364","700000.00","KGM","3","Y","90","","","","","PE"
"097199","143 Preferential tariff quota","FCFS","2020-03-01","2021-02-28","364","417000.00","KGM","3","Y","90","","","","","PE"
"097200","143 Preferential tariff quota","FCFS","2020-03-01","2021-02-28","364","333000.00","KGM","3","Y","90","","","","","PE"
"097201","143 Preferential tariff quota","FCFS","2020-03-01","2021-02-28","364","133000.00","KGM","3","Y","90","","","","","PE"
"097202","143 Preferential tariff quota","FCFS","2020-03-01","2021-02-28","364","3000.00","KGM","3","Y","90","","","","","PE"
"097203","143 Preferential tariff quota","FCFS","2020-03-01","2021-02-28","364","67000.00","KGM","3","Y","90","","","","","PE"
"097204","143 Preferential tariff quota","FCFS","2020-03-01","2021-02-28","364","6000.00","KGM","3","Y","90","","","","","PE"
"097205","143 Preferential tariff quota","FCFS","2020-03-01","2021-02-28","364","83000.00","KGM","3","Y","90","","","","","PE"
"097210","143 Preferential tariff quota","FCFS","2020-01-01","2020-12-31","365","469000.00","KGM","3","Y","90","","","","","PE"
"097211","143 Preferential tariff quota","FCFS","2020-01-01","2020-12-31","365","414000.00","KGM","3","Y","90","","","","","PE"
"097212","143 Preferential tariff quota","FCFS","2020-01-01","2020-12-31","365","109000.00","KGM","3","Y","90","","","","","PE"
"097213","143 Preferential tariff quota","FCFS","2020-01-01","2020-12-31","365","545000.00","KGM","3","Y","90","","","","","PE"
"097214","143 Preferential tariff quota","FCFS","2020-01-01","2020-12-31","365","324000.00","KGM","3","Y","90","","","","","PE"
"097215","143 Preferential tariff quota","FCFS","2020-01-01","2020-12-31","365","33000.00","KGM","3","Y","90","","","","","PE"
"097216","143 Preferential tariff quota","FCFS","2020-01-01","2020-12-31","365","2179000.00","KGM","3","Y","90","","","","","PE"
"097217","143 Preferential tariff quota","FCFS","2020-01-01","2020-12-31","365","22000.00","KGM","3","Y","90","","","","","PE"
"097218","143 Preferential tariff quota","FCFS","2020-01-01","2020-12-31","365","654000.00","KGM","3","Y","90","","","","","PE"
"097219","143 Preferential tariff quota","FCFS","2020-01-01","2020-12-31","365","1308000.00","KGM","3","Y","90","","","","","PE"
"097220","143 Preferential tariff quota","FCFS","2020-01-01","2020-12-31","365","416000.00","KGM","3","Y","90","","","","","PE"
"097221","143 Preferential tariff quota","FCFS","2020-01-01","2020-12-31","365","1634000.00","KGM","3","Y","90","","","","","PE"
"097222","143 Preferential tariff quota","FCFS","2020-01-01","2020-12-31","365","7409000.00","KGM","3","Y","90","","","","","PE"
"097223","143 Preferential tariff quota","FCFS","2020-01-01","2020-12-31","365","21800.00","LPA","3","Y","90","","","","","PE"
"097224","143 Preferential tariff quota","FCFS","2020-01-01","2020-12-31","365","153000.00","KGM","3","Y","90","","","","","PE"
"097225","143 Preferential tariff quota","FCFS","2020-01-01","2020-12-31","365","7000.00","KGM","3","Y","90","","","","","PE"
"097226","143 Preferential tariff quota","FCFS","2020-01-01","2020-12-31","365","4325000.00","KGM","3","Y","90","","","","","PE"
"097227","143 Preferential tariff quota","FCFS","2020-01-01","2020-12-31","365","1966000.00","KGM","3","Y","90","","","","","PE"

