"090919","switzerland","FCFS","1900000","0.0537","102030","365","277","77431","77000","102000","01/01/2020","","",""
"090921","switzerland","FCFS","4000000","0.0537","214800","365","277","163013","163000","215000","01/01/2020","","",""
"090922","switzerland","FCFS","1000000","0.0537","53700","365","277","40753","41000","54000","01/01/2020","","",""
"090923","switzerland","FCFS","5000000","0.0537","268500","365","277","203766","204000","269000","01/01/2020","","",""
"090924","switzerland","FCFS","5500000","0.0537","295350","365","277","224142","224000","295000","01/01/2020","","",""
"090925","switzerland","FCFS","3000000","0.0537","161100","365","277","122259","122000","161000","01/01/2020","","",""
"090926","switzerland","FCFS","5000000","0.0537","268500","365","277","203766","204000","269000","01/01/2020","","",""
"090927","switzerland","FCFS","3000000","0.0537","161100","365","277","122259","122000","161000","01/01/2020","","",""
"090928","switzerland","FCFS","1000000","0.0537","53700","365","277","40753","41000","54000","01/01/2020","","",""
"090929","switzerland","FCFS","1000000","0.0537","53700","365","277","40753","41000","54000","01/01/2020","","",""
"090930","switzerland","FCFS","500000","0.0537","26850","365","277","20377","20000","27000","01/01/2020","","",""
"090931","switzerland","FCFS","500000","0.0537","26850","365","277","20377","20000","27000","01/01/2020","","",""
"090932","switzerland","FCFS","1000000","0.0537","53700","365","277","40753","41000","54000","01/01/2020","","",""
"090933","switzerland","FCFS","1000000","0.0537","53700","365","277","40753","41000","54000","01/01/2020","","",""
"090934","switzerland","FCFS","1000000","0.0537","53700","365","277","40753","41000","54000","01/01/2020","","",""
"090935","switzerland","FCFS","1000000","0.0537","53700","365","277","40753","41000","54000","01/01/2020","","",""
"090936","switzerland","FCFS","1000000","0.0537","53700","365","277","40753","41000","54000","01/01/2020","","",""
"090937","switzerland","FCFS","3000000","0.0537","161100","365","277","122259","122000","161000","01/01/2020","","",""
"090938","switzerland","FCFS","3000000","0.0537","161100","365","277","122259","122000","161000","01/01/2020","","",""
"090939","switzerland","FCFS","500000","0.0537","26850","365","277","20377","20000","27000","01/01/2020","","",""
"090940","switzerland","FCFS","1500000","0.0537","80550","365","277","61130","61000","81000","01/01/2020","","",""
"090941","switzerland","FCFS","1000000","0.0537","53700","365","277","40753","41000","54000","01/01/2020","","",""
"090942","switzerland","FCFS","100000","0.0537","5370","365","277","4075","4000","5000","01/01/2020","","",""
"090943","switzerland","FCFS","100000","0.0537","5370","365","277","4075","4000","5000","01/01/2020","","",""
"090944","switzerland","FCFS","5000","0.0537","269","365","277","204","200","270","01/01/2020","","",""
"090945","switzerland","FCFS","3000000","0.0537","161100","365","277","122259","122000","161000","01/01/2020","","",""
"090946","switzerland","FCFS","500000","0.0537","26850","365","277","20377","20000","27000","01/01/2020","","",""
"090948","switzerland","FCFS","200000","0.0537","10740","365","277","8151","8000","11000","01/01/2020","","",""
"090950","switzerland","FCFS","300000","0.0537","16110","365","277","12226","12000","16000","01/01/2020","","",""
"094155","switzerland","Licensed","2000000","0.0537","107400","365","93","27365","27000","107000","01/07/2019","","",""
"094202","switzerland","Licensed","1200000","0.0537","64440","365","277","48904","49000","64000","01/01/2020","","",""
"094203","switzerland","Licensed","4600","0.0537","247","365","277","187","187","247","01/01/2020","head","",""
"090671","faroeislands","FCFS","700000","0.1362","95340","365","277","72354","72000","95000","01/01/2020","","",""
"090672","faroeislands","FCFS","750000","0.1362","102150","365","277","77522","78000","102000","01/01/2020","","",""
"090674","faroeislands","FCFS","1200000","0.1362","163440","365","277","124035","124000","163000","01/01/2020","","",""
"090675","faroeislands","FCFS","400000","0.1362","54480","365","277","41345","41000","54000","01/01/2020","","",""
"090676","faroeislands","FCFS","750000","0.1362","102150","365","277","77522","78000","102000","01/01/2020","","",""
"090679","faroeislands","FCFS","4000000","0.1362","544800","365","277","413451","413000","545000","01/01/2020","","",""
"090681","faroeislands","FCFS","1200000","0.1362","163440","365","277","124035","124000","163000","01/01/2020","","",""
"090689","faroeislands","FCFS","20000000","0.1362","2724000","365","277","2067255","2067000","2724000","01/01/2020","","",""
"090690","faroeislands","FCFS","20000","0.1362","2724","365","277","2067","2000","3000","01/01/2020","","",""
"092129","faroeislands","FCFS","20000","0.1362","2724","365","277","2067","2000","3000","01/01/2020","","",""
"092130","faroeislands","FCFS","20000","0.1362","2724","365","277","2067","2000","3000","01/01/2020","","",""
"091921","chile","FCFS","","","1516000","365","277","1150499","1150000","1574000","01/01/2020","","","58,000 kg/year"
"091922","chile","FCFS","","","866000","365","277","657211","657000","899000","01/01/2020","","","33,000 kg/year"
"091923","chile","FCFS","","","10477000","365","277","7951038","7951000","10880000","01/01/2020","","","403,000 kg/year"
"091924","chile","FCFS","","","450000","365","277","341507","342000","462000","01/01/2020","","","12,000 kg/year"
"091925","chile","FCFS","","","159000","365","277","120666","121000","163000","01/01/2020","","","4,000 kg/year"
"091926","chile","FCFS","","","300000","365","277","227671","228000","308000","01/01/2020","","","8,000 kg/year"
"091927","chile","FCFS","","","150000","365","277","113836","114000","154000","01/01/2020","","","4,000 kg/year"
"091928","chile","FCFS","","","300000","365","277","227671","228000","308000","01/01/2020","","","8,000 kg/year"
"091931","chile","FCFS","","","67000","365","277","50847","51000","67000","01/01/2020","","",""
"091932","chile","FCFS","","","67000","365","277","50847","51000","67000","01/01/2020","","",""
"091933","chile","FCFS","","","83000","365","277","62989","63000","83000","01/01/2020","","",""
"091934","chile","FCFS","","","833000","365","277","632167","632000","833000","01/01/2020","","",""
"091935","chile","FCFS","","","7000","365","277","5312","5000","7000","01/01/2020","","",""
"091936","chile","FCFS","","","25000","365","277","18973","19000","25000","01/01/2020","","",""
"091944","chile","FCFS","","","167000","365","277","126737","127000","167000","01/01/2020","","",""
"092115","chile","FCFS","","","866000","365","277","657211","657000","899000","01/01/2020","","","33,000 kg/year"
"092116","chile","FCFS","","","866000","365","277","657211","657000","899000","01/01/2020","","","33,000 kg/year"
"094181","chile","Licensed","","","425000","365","277","322534","323000","442000","01/07/2019","","","17,000 kg/year"
"091300","israel","FCFS","","","9689000","181","93","4978326","4978000","9689000","01/01/2020","","",""
"091302","israel","FCFS","","","177000","365","277","134326","134000","177000","01/01/2020","","",""
"091303","israel","FCFS","","","2349000","365","277","1782666","1783000","2349000","01/01/2020","","",""
"091304","israel","FCFS","","","3814000","365","277","2894460","2894000","3814000","01/01/2020","","",""
"091306","israel","FCFS","","","3023000","365","277","2294167","2294000","3023000","01/01/2020","","",""
"091323","israel","FCFS","","","30509000","365","277","23153405","23153000","30509000","01/01/2020","","",""
"091331","israel","FCFS","","","4767000","365","277","3617696","3618000","4767000","01/01/2020","","",""
"091333","israel","FCFS","","","2898000","365","277","2199304","2199000","2898000","01/01/2020","","",""
"091341","israel","FCFS","","","1068000","166","17","109373","109000","1068000","01/11/2019","","",""
"091342","israel","FCFS","","","681000","365","277","516814","517000","681000","01/01/2020","","",""
"091353","israel","FCFS","","","1444000","365","277","1095858","1096000","1444000","01/01/2020","","",""
"091354","israel","FCFS","","","735000","365","277","557795","558000","735000","01/01/2020","","",""
"091361","israel","FCFS","","","17695","365","277","13429","13000","17695","01/01/2020","NAR","",""
"091368","israel","FCFS","","","136000","365","277","103211","103000","136000","01/01/2020","","",""
"091369","israel","FCFS","","","163000","365","277","123701","124000","163000","01/01/2020","","",""
"091370","israel","FCFS","","","5448000","365","277","4134510","4135000","5448000","01/01/2020","","",""
"091371","israel","FCFS","","","2136000","200","185","1975800","1976000","2136000","01/01/2020","","",""
"091372","israel","FCFS","","","681000","365","277","516814","517000","681000","01/01/2020","","",""
"091373","israel","FCFS","","","272000","365","277","206422","206000","272000","01/01/2020","","",""
"091374","israel","FCFS","","","14000","365","277","10625","11000","14000","01/01/2020","","",""
"091375","israel","FCFS","","","341000","365","277","258786","259000","341000","01/01/2020","","",""
"091376","israel","FCFS","","","436000","365","277","330882","331000","436000","01/01/2020","","",""
"091377","israel","FCFS","","","107000","365","277","81203","81000","107000","01/01/2020","","",""
"091378","israel","FCFS","","","15000","365","277","11384","11000","15000","01/01/2020","","",""
"091379","israel","FCFS","","","2677000","365","277","2031586","2032000","2677000","01/01/2020","","",""
"091380","israel","FCFS","","","121600","365","277","92283","92000","121600","01/01/2020","LTR","",""
"091397","israel","FCFS","","","4086000","304","63","846770","847000","4086000","01/08/2019","","",""
"091398","israel","FCFS","","","681000","181","32","120398","120000","681000","01/11/2019","","",""
"091399","israel","FCFS","","","34000","365","277","25803","26000","34000","01/01/2020","","",""
"094901","israel","Licensed","","","545000","365","277","413603","414000","545000","01/01/2020","","",""
"094902","israel","Licensed","","","76000","365","277","57677","58000","76000","01/01/2020","","",""
"091500","albania","FCFS","","","","","","","1","1","01/01/2020","","","random amount"
"091501","albania","FCFS","","","","","","","1","1","01/01/2020","","",""
"091502","albania","FCFS","","","","","","","1","1","01/01/2020","","",""
"091503","albania","FCFS","","","","","","","1","1","01/01/2020","","",""
"091504","albania","FCFS","","","","","","","1","1","01/01/2020","","",""
"091505","albania","FCFS","","","","","","","1","1","01/01/2020","","",""
"091512","albania","FCFS","","","","","","","1","1","01/01/2020","","",""
"091513","albania","FCFS","","","","","","","1","1","01/01/2020","","",""
"091530","albania","FCFS","","","","","","","1","1","01/01/2020","","",""
"094324","albania","Licensed","","","","","","","1","1","01/01/2020","","",""
"091001","algeria","FCFS","","","","","","","1","1","01/01/2020","","",""
"091002","algeria","FCFS","","","","","","","1","1","01/01/2020","","",""
"091003","algeria","FCFS","","","","","","","1","1","01/01/2020","","",""
"091004","algeria","FCFS","","","","","","","1","1","01/01/2020","","",""
"091005","algeria","FCFS","","","","","","","1","1","01/01/2020","","",""
"091006","algeria","FCFS","","","","","","","1","1","01/01/2020","","",""
"091007","algeria","FCFS","","","","","","","1","1","01/01/2020","","",""
"091008","algeria","FCFS","","","","","","","1","1","01/01/2020","","",""
"091009","algeria","FCFS","","","","","","","1","1","01/01/2020","","",""
"091010","algeria","FCFS","","","","","","","1","1","01/01/2020","","",""
"091011","algeria","FCFS","","","","","","","1","1","01/01/2020","","",""
"091012","algeria","FCFS","","","","","","","1","1","01/01/2020","","",""
"091013","algeria","FCFS","","","","","","","1","1","01/01/2020","","",""
"091014","algeria","FCFS","","","","","","","1","1","01/01/2020","","",""
"091021","algeria","FCFS","","","","","","","1","1","01/01/2020","","",""
"091022","algeria","FCFS","","","","","","","1","1","01/01/2020","","",""
"091023","algeria","FCFS","","","","","","","1","1","01/01/2020","","",""
"097140","colombia","FCFS","","","","","","","1","1","01/01/2020","","Y",""
"097141","colombia","FCFS","","","","","","","1","1","01/01/2020","","Y",""
"097142","colombia","FCFS","","","","","","","1","1","01/01/2020","","Y",""
"097143","colombia","FCFS","","","","","","","1","1","01/01/2020","","Y",""
"097144","colombia","FCFS","","","","","","","1","1","01/01/2020","","Y",""
"097145","colombia","FCFS","","","","","","","1","1","01/01/2020","","Y",""
"097146","colombia","FCFS","","","","","","","1","1","01/01/2020","","Y",""
"097147","colombia","FCFS","","","","","","","1","1","01/01/2020","","Y",""
"097148","colombia","FCFS","","","","","","","1","1","01/01/2020","","Y",""
"097161","colombia","FCFS","","","","","","","1","1","01/01/2020","","Y",""
"097162","colombia","FCFS","","","","","","","1","1","01/01/2020","","Y",""
"097163","colombia","FCFS","","","","","","","1","1","01/01/2020","","Y",""
"097230","colombia","FCFS","","","","","","","1","1","01/01/2020","","",""
"097231","colombia","FCFS","","","","","","","1","1","01/01/2020","","",""
"097232","colombia","FCFS","","","","","","","1","1","01/01/2020","","",""
"097233","colombia","FCFS","","","","","","","1","1","01/01/2020","","",""
"097234","colombia","FCFS","","","","","","","1","1","01/01/2020","","",""
"097235","colombia","FCFS","","","","","","","1","1","01/01/2020","","",""
"097236","colombia","FCFS","","","","","","","1","1","01/01/2020","","",""
"097237","colombia","FCFS","","","","","","","1","1","01/01/2020","","",""
"097170","peru","FCFS","","","","","","","1","1","01/01/2020","","Y",""
"097171","peru","FCFS","","","","","","","1","1","01/01/2020","","Y",""
"097172","peru","FCFS","","","","","","","1","1","01/01/2020","","Y",""
"097173","peru","FCFS","","","","","","","1","1","01/01/2020","","Y",""
"097174","peru","FCFS","","","","","","","1","1","01/01/2020","","Y",""
"097175","peru","FCFS","","","","","","","1","1","01/01/2020","","Y",""
"097176","peru","FCFS","","","","","","","1","1","01/01/2020","","Y",""
"097177","peru","FCFS","","","","","","","1","1","01/01/2020","","Y",""
"097178","peru","FCFS","","","","","","","1","1","01/01/2020","","Y",""
"097179","peru","FCFS","","","","","","","1","1","01/01/2020","","Y",""
"097192","peru","FCFS","","","","","","","1","1","01/01/2020","","Y",""
"097193","peru","FCFS","","","","","","","1","1","01/01/2020","","Y",""
"097194","peru","FCFS","","","","","","","1","1","01/01/2020","","Y",""
"097195","peru","FCFS","","","","","","","1","1","01/01/2020","","Y",""
"097196","peru","FCFS","","","","","","","1","1","01/01/2020","","Y",""
"097197","peru","FCFS","","","","","","","1","1","01/01/2020","","Y",""
"097198","peru","FCFS","","","","","","","1","1","01/01/2020","","Y",""
"097199","peru","FCFS","","","","","","","1","1","01/01/2020","","Y",""
"097200","peru","FCFS","","","","","","","1","1","01/01/2020","","Y",""
"097201","peru","FCFS","","","","","","","1","1","01/01/2020","","Y",""
"097202","peru","FCFS","","","","","","","1","1","01/01/2020","","Y",""
"097203","peru","FCFS","","","","","","","1","1","01/01/2020","","Y",""
"097204","peru","FCFS","","","","","","","1","1","01/01/2020","","Y",""
"097205","peru","FCFS","","","","","","","1","1","01/01/2020","","Y",""
"097210","peru","FCFS","","","","","","","1","1","01/01/2020","","",""
"097211","peru","FCFS","","","","","","","1","1","01/01/2020","","",""
"097212","peru","FCFS","","","","","","","1","1","01/01/2020","","",""
"097213","peru","FCFS","","","","","","","1","1","01/01/2020","","",""
"097214","peru","FCFS","","","","","","","1","1","01/01/2020","","",""
"097215","peru","FCFS","","","","","","","1","1","01/01/2020","","",""
"097216","peru","FCFS","","","","","","","1","1","01/01/2020","","",""
"097217","peru","FCFS","","","","","","","1","1","01/01/2020","","",""
"097218","peru","FCFS","","","","","","","1","1","01/01/2020","","",""
"097219","peru","FCFS","","","","","","","1","1","01/01/2020","","",""
"097220","peru","FCFS","","","","","","","1","1","01/01/2020","","",""
"097221","peru","FCFS","","","","","","","1","1","01/01/2020","","",""
"097222","peru","FCFS","","","","","","","1","1","01/01/2020","","",""
"097223","peru","FCFS","","","","","","","1","1","01/01/2020","","",""
"097224","peru","FCFS","","","","","","","1","1","01/01/2020","","",""
"097225","peru","FCFS","","","","","","","1","1","01/01/2020","","",""
"097226","peru","FCFS","","","","","","","1","1","01/01/2020","","",""
"097227","peru","FCFS","","","","","","","1","1","01/01/2020","","",""
"097501","ecuador","FCFS","","","","","","","1","1","01/01/2020","","Y",""
"097502","ecuador","FCFS","","","","","","","1","1","01/01/2020","","Y",""
"097503","ecuador","FCFS","","","","","","","1","1","01/01/2020","","Y",""
"097504","ecuador","FCFS","","","","","","","1","1","01/01/2020","","Y",""
"097505","ecuador","FCFS","","","","","","","1","1","01/01/2020","","Y",""
"097506","ecuador","FCFS","","","","","","","1","1","01/01/2020","","Y",""
"097507","ecuador","FCFS","","","","","","","1","1","01/01/2020","","Y",""
"097508","ecuador","FCFS","","","","","","","1","1","01/01/2020","","Y",""
"097509","ecuador","FCFS","","","","","","","1","1","01/01/2020","","Y",""
"097510","ecuador","FCFS","","","","","","","1","1","01/01/2020","","Y",""
"097511","ecuador","FCFS","","","","","","","1","1","01/01/2020","","Y",""
"097512","ecuador","FCFS","","","","","","","1","1","01/01/2020","","Y",""
"097525","ecuador","FCFS","","","","","","","1","1","01/01/2020","","",""
"097526","ecuador","FCFS","","","","","","","1","1","01/01/2020","","",""
"097527","ecuador","FCFS","","","","","","","1","1","01/01/2020","","",""
"097528","ecuador","FCFS","","","","","","","1","1","01/01/2020","","",""
"097529","ecuador","FCFS","","","","","","","1","1","01/01/2020","","",""
"097530","ecuador","FCFS","","","","","","","1","1","01/01/2020","","",""
"097531","ecuador","FCFS","","","","","","","1","1","01/01/2020","","",""
"097532","ecuador","FCFS","","","","","","","1","1","01/01/2020","","",""
"097533","ecuador","FCFS","","","","","","","1","1","01/01/2020","","",""
"097534","ecuador","FCFS","","","","","","","1","1","01/01/2020","","",""
"091528","bosnia","FCFS","","","","","","","1","1","01/01/2020","","",""
"091529","bosnia","FCFS","","","","","","","1","1","01/01/2020","","",""
"091530","bosnia","FCFS","","","","","","","1","1","01/01/2020","","",""
"091594","bosnia","FCFS","","","","","","","1","1","01/01/2020","","",""
"091595","bosnia","FCFS","","","","","","","1","1","01/01/2020","","",""
"091596","bosnia","FCFS","","","","","","","1","1","01/01/2020","","",""
"091597","bosnia","FCFS","","","","","","","1","1","01/01/2020","","",""
"091598","bosnia","FCFS","","","","","","","1","1","01/01/2020","","",""
"091599","bosnia","FCFS","","","","","","","1","1","01/01/2020","","",""
"094325","bosnia","Licensed","","","","","","","1","1","01/01/2020","","",""
"094504","bosnia","Licensed","","","","","","","1","1","01/01/2020","","",""
"094124","canada","Licensed","","","","","","","1","1","01/01/2020","","",""
"094280","canada","Licensed","","","","","","","1","1","01/01/2020","","",""
"094281","canada","Licensed","","","","","","","1","1","01/01/2020","","",""
"094282","canada","Licensed","","","","","","","1","1","01/01/2020","","",""
"098300","canada","FCFS","","","","","","","1","1","01/01/2020","","Y",""
"098301","canada","FCFS","","","","","","","1","1","01/01/2020","","Y",""
"098302","canada","FCFS","","","","","","","1","1","01/01/2020","","Y",""
"098303","canada","FCFS","","","","","","","1","1","01/01/2020","","Y",""
"098304","canada","FCFS","","","","","","","1","1","01/01/2020","","Y",""
"098305","canada","FCFS","","","","","","","1","1","01/01/2020","","Y",""
"098306","canada","FCFS","","","","","","","1","1","01/01/2020","","Y",""
"098307","canada","FCFS","","","","","","","1","1","01/01/2020","","Y",""
"098308","canada","FCFS","","","","","","","1","1","01/01/2020","","Y",""
"098309","canada","FCFS","","","","","","","1","1","01/01/2020","","Y",""
"098310","canada","FCFS","","","","","","","1","1","01/01/2020","","Y",""
"098311","canada","FCFS","","","","","","","1","1","01/01/2020","","Y",""
"098312","canada","FCFS","","","","","","","1","1","01/01/2020","","Y",""
"098313","canada","FCFS","","","","","","","1","1","01/01/2020","","Y",""
"098314","canada","FCFS","","","","","","","1","1","01/01/2020","","Y",""
"098315","canada","FCFS","","","","","","","1","1","01/01/2020","","Y",""
"098316","canada","FCFS","","","","","","","1","1","01/01/2020","","Y",""
"098317","canada","FCFS","","","","","","","1","1","01/01/2020","","Y",""
"098318","canada","FCFS","","","","","","","1","1","01/01/2020","","Y",""
"098319","canada","FCFS","","","","","","","1","1","01/01/2020","","Y",""
"098320","canada","FCFS","","","","","","","1","1","01/01/2020","","Y",""
"098321","canada","FCFS","","","","","","","1","1","01/01/2020","","Y",""
"098322","canada","FCFS","","","","","","","1","1","01/01/2020","","Y",""
"098323","canada","FCFS","","","","","","","1","1","01/01/2020","","Y",""
"098324","canada","FCFS","","","","","","","1","1","01/01/2020","","Y",""
"098325","canada","FCFS","","","","","","","1","1","01/01/2020","","Y",""
"098326","canada","FCFS","","","","","","","1","1","01/01/2020","","Y",""
"098327","canada","FCFS","","","","","","","1","1","01/01/2020","","Y",""
"098328","canada","FCFS","","","","","","","1","1","01/01/2020","","Y",""
"098329","canada","FCFS","","","","","","","1","1","01/01/2020","","Y",""
"098330","canada","FCFS","","","","","","","1","1","01/01/2020","","Y",""
"098331","canada","FCFS","","","","","","","1","1","01/01/2020","","Y",""
"098332","canada","FCFS","","","","","","","1","1","01/01/2020","","Y",""
"098333","canada","FCFS","","","","","","","1","1","01/01/2020","","Y",""
"098334","canada","FCFS","","","","","","","1","1","01/01/2020","","Y",""
"098335","canada","FCFS","","","","","","","1","1","01/01/2020","","Y",""
"098336","canada","FCFS","","","","","","","1","1","01/01/2020","","Y",""
"098337","canada","FCFS","","","","","","","1","1","01/01/2020","","Y",""
"098338","canada","FCFS","","","","","","","1","1","01/01/2020","","Y",""
"098339","canada","FCFS","","","","","","","1","1","01/01/2020","","Y",""
"098340","canada","FCFS","","","","","","","1","1","01/01/2020","","Y",""
"098341","canada","FCFS","","","","","","","1","1","01/01/2020","","Y",""
"098342","canada","FCFS","","","","","","","1","1","01/01/2020","","Y",""
"098343","canada","FCFS","","","","","","","1","1","01/01/2020","","Y",""
"098344","canada","FCFS","","","","","","","1","1","01/01/2020","","Y",""
"098345","canada","FCFS","","","","","","","1","1","01/01/2020","","Y",""
"098346","canada","FCFS","","","","","","","1","1","01/01/2020","","Y",""
"098347","canada","FCFS","","","","","","","1","1","01/01/2020","","Y",""
"098348","canada","FCFS","","","","","","","1","1","01/01/2020","","Y",""
"098349","canada","FCFS","","","","","","","1","1","01/01/2020","","Y",""
"098350","canada","FCFS","","","","","","","1","1","01/01/2020","","Y",""
"098351","canada","FCFS","","","","","","","1","1","01/01/2020","","Y",""
"098352","canada","FCFS","","","","","","","1","1","01/01/2020","","Y",""
"098353","canada","FCFS","","","","","","","1","1","01/01/2020","","Y",""
"098354","canada","FCFS","","","","","","","1","1","01/01/2020","","Y",""
"098355","canada","FCFS","","","","","","","1","1","01/01/2020","","Y",""
"098356","canada","FCFS","","","","","","","1","1","01/01/2020","","Y",""
"098357","canada","FCFS","","","","","","","1","1","01/01/2020","","Y",""
"098358","canada","FCFS","","","","","","","1","1","01/01/2020","","Y",""
"098359","canada","FCFS","","","","","","","1","1","01/01/2020","","Y",""
"098360","canada","FCFS","","","","","","","1","1","01/01/2020","","Y",""
"098361","canada","FCFS","","","","","","","1","1","01/01/2020","","Y",""
"098400","canada","FCFS","","","","","","","1","1","01/01/2020","","",""
"098401","canada","FCFS","","","","","","","1","1","01/01/2020","","",""
"098402","canada","FCFS","","","","","","","1","1","01/01/2020","","",""
"098403","canada","FCFS","","","","","","","1","1","01/01/2020","","",""
"098404","canada","FCFS","","","","","","","1","1","01/01/2020","","",""
"098405","canada","FCFS","","","","","","","1","1","01/01/2020","","",""
"091611","mauritius","FCFS","","","","","","","99999999","99999999","01/01/2020","","Y",""
"091618","mauritius","FCFS","","","","","","","99999999","6300000","01/01/2020","","Y",""
"091619","mauritius","FCFS","","","","","","","99999999","340","01/01/2020","","Y",""
"091618","madagascar","FCFS","","","","","","","1","1","01/01/2020","","Y",""
"091619","madagascar","FCFS","","","","","","","1","1","01/01/2020","","Y",""
"096820","georgia","FCFS","","","","","","","1","1","01/01/2020","","",""
"091152","jordan","FCFS","","","","","","","1","1","01/01/2020","","",""
"091166","jordan","FCFS","","","","","","","1","1","01/01/2020","","",""
"090039","lebanon","FCFS","","","","","","","1","1","01/01/2020","","",""
"090040","lebanon","FCFS","","","","","","","1","1","01/01/2020","","",""
"090058","lebanon","FCFS","","","","","","","1","1","01/01/2020","","",""
"090063","lebanon","FCFS","","","","","","","1","1","01/01/2020","","",""
"090094","lebanon","FCFS","","","","","","","1","1","01/01/2020","","",""
"091171","lebanon","FCFS","","","","","","","1","1","01/01/2020","","",""
"091172","lebanon","FCFS","","","","","","","1","1","01/01/2020","","",""
"091173","lebanon","FCFS","","","","","","","1","1","01/01/2020","","",""
"091174","lebanon","FCFS","","","","","","","1","1","01/01/2020","","",""
"091175","lebanon","FCFS","","","","","","","1","1","01/01/2020","","",""
"091176","lebanon","FCFS","","","","","","","1","1","01/01/2020","","",""
"091177","lebanon","FCFS","","","","","","","1","1","01/01/2020","","",""
"091178","lebanon","FCFS","","","","","","","1","1","01/01/2020","","",""
"091179","lebanon","FCFS","","","","","","","1","1","01/01/2020","","",""
"091180","lebanon","FCFS","","","","","","","1","1","01/01/2020","","",""
"091181","lebanon","FCFS","","","","","","","1","1","01/01/2020","","",""
"091182","lebanon","FCFS","","","","","","","1","1","01/01/2020","","",""
"091183","lebanon","FCFS","","","","","","","1","1","01/01/2020","","",""
"091184","lebanon","FCFS","","","","","","","1","1","01/01/2020","","",""
"091185","lebanon","FCFS","","","","","","","1","1","01/01/2020","","",""
"091186","lebanon","FCFS","","","","","","","1","1","01/01/2020","","",""
"091187","lebanon","FCFS","","","","","","","1","1","01/01/2020","","",""
"091530","macedonia","FCFS","","","","","","","1","1","01/01/2020","","",""
"091558","macedonia","FCFS","","","","","","","1","1","01/01/2020","","",""
"091559","macedonia","FCFS","","","","","","","1","1","01/01/2020","","",""
"094327","macedonia","Licensed","","","","","","","1","1","01/01/2020","","",""
"094505","macedonia","Licensed","","","","","","","1","1","01/01/2020","","",""
"091712","egypt","FCFS","","","","","","","1","1","01/01/2020","","",""
"091783","egypt","FCFS","","","","","","","1","1","01/01/2020","","",""
"091784","egypt","FCFS","","","","","","","1","1","01/01/2020","","",""
"091785","egypt","FCFS","","","","","","","1","1","01/01/2020","","",""
"091786","egypt","FCFS","","","","","","","1","1","01/01/2020","","",""
"091787","egypt","FCFS","","","","","","","1","1","01/01/2020","","",""
"091788","egypt","FCFS","","","","","","","1","1","01/01/2020","","",""
"091789","egypt","FCFS","","","","","","","1","1","01/01/2020","","",""
"091790","egypt","FCFS","","","","","","","1","1","01/01/2020","","",""
"091791","egypt","FCFS","","","","","","","1","1","01/01/2020","","",""
"091792","egypt","FCFS","","","","","","","1","1","01/01/2020","","",""
"091793","egypt","FCFS","","","","","","","1","1","01/01/2020","","",""
"091794","egypt","FCFS","","","","","","","1","1","01/01/2020","","",""
"091795","egypt","FCFS","","","","","","","1","1","01/01/2020","","",""
"091796","egypt","FCFS","","","","","","","1","1","01/01/2020","","",""
"091797","egypt","FCFS","","","","","","","1","1","01/01/2020","","",""
"091798","egypt","FCFS","","","","","","","1","1","01/01/2020","","",""
"091799","egypt","FCFS","","","","","","","1","1","01/01/2020","","",""
"090701","norway","FCFS","","","","","","","1","1","01/01/2020","","",""
"090702","norway","FCFS","","","","","","","1","1","01/01/2020","","",""
"090703","norway","FCFS","","","","","","","1","1","01/01/2020","","",""
"090709","norway","FCFS","","","","","","","1","1","01/01/2020","","",""
"090710","norway","FCFS","","","","","","","1","1","01/01/2020","","",""
"090711","norway","FCFS","","","","","","","1","1","01/01/2020","","",""
"090712","norway","FCFS","","","","","","","1","1","01/01/2020","","",""
"090713","norway","FCFS","","","","","","","1","1","01/01/2020","","",""
"090714","norway","FCFS","","","","","","","1","1","01/01/2020","","",""
"090715","norway","FCFS","","","","","","","1","1","01/01/2020","","",""
"090716","norway","FCFS","","","","","","","1","1","01/01/2020","","",""
"090717","norway","FCFS","","","","","","","1","1","01/01/2020","","",""
"090718","norway","FCFS","","","","","","","1","1","01/01/2020","","",""
"090719","norway","FCFS","","","","","","","1","1","01/01/2020","","",""
"090720","norway","FCFS","","","","","","","1","1","01/01/2020","","",""
"090721","norway","FCFS","","","","","","","1","1","01/01/2020","","",""
"090722","norway","FCFS","","","","","","","1","1","01/01/2020","","",""
"090723","norway","FCFS","","","","","","","1","1","01/01/2020","","",""
"090724","norway","FCFS","","","","","","","1","1","01/01/2020","","",""
"090725","norway","FCFS","","","","","","","1","1","01/01/2020","","",""
"090726","norway","FCFS","","","","","","","1","1","01/01/2020","","",""
"090727","norway","FCFS","","","","","","","1","1","01/01/2020","","",""
"090728","norway","FCFS","","","","","","","1","1","01/01/2020","","",""
"090729","norway","FCFS","","","","","","","1","1","01/01/2020","","",""
"090730","norway","FCFS","","","","","","","1","1","01/01/2020","","",""
"090731","norway","FCFS","","","","","","","1","1","01/01/2020","","",""
"090732","norway","FCFS","","","","","","","1","1","01/01/2020","","",""
"090733","norway","FCFS","","","","","","","1","1","01/01/2020","","",""
"090734","norway","FCFS","","","","","","","1","1","01/01/2020","","",""
"090735","norway","FCFS","","","","","","","1","1","01/01/2020","","",""
"090736","norway","FCFS","","","","","","","1","1","01/01/2020","","",""
"090737","norway","FCFS","","","","","","","1","1","01/01/2020","","",""
"090738","norway","FCFS","","","","","","","1","1","01/01/2020","","",""
"090739","norway","FCFS","","","","","","","1","1","01/01/2020","","",""
"090740","norway","FCFS","","","","","","","1","1","01/01/2020","","",""
"090741","norway","FCFS","","","","","","","1","1","01/01/2020","","",""
"090742","norway","FCFS","","","","","","","1","1","01/01/2020","","",""
"090743","norway","FCFS","","","","","","","1","1","01/01/2020","","",""
"090744","norway","FCFS","","","","","","","1","1","01/01/2020","","",""
"090745","norway","FCFS","","","","","","","1","1","01/01/2020","","",""
"090746","norway","FCFS","","","","","","","1","1","01/01/2020","","",""
"090748","norway","FCFS","","","","","","","1","1","01/01/2020","","",""
"090749","norway","FCFS","","","","","","","1","1","01/01/2020","","",""
"090750","norway","FCFS","","","","","","","1","1","01/01/2020","","",""
"090751","norway","FCFS","","","","","","","1","1","01/01/2020","","",""
"090752","norway","FCFS","","","","","","","1","1","01/01/2020","","",""
"090756","norway","FCFS","","","","","","","1","1","01/01/2020","","",""
"090757","norway","FCFS","","","","","","","1","1","01/01/2020","","",""
"090759","norway","FCFS","","","","","","","1","1","01/01/2020","","",""
"090761","norway","FCFS","","","","","","","1","1","01/01/2020","","",""
"090762","norway","FCFS","","","","","","","1","1","01/01/2020","","",""
"090764","norway","FCFS","","","","","","","1","1","01/01/2020","","",""
"090765","norway","FCFS","","","","","","","1","1","01/01/2020","","",""
"090771","norway","FCFS","","","","","","","1","1","01/01/2020","","",""
"090772","norway","FCFS","","","","","","","1","1","01/01/2020","","",""
"090774","norway","FCFS","","","","","","","1","1","01/01/2020","","",""
"090776","norway","FCFS","","","","","","","1","1","01/01/2020","","",""
"090779","norway","FCFS","","","","","","","1","1","01/01/2020","","",""
"090781","norway","FCFS","","","","","","","1","1","01/01/2020","","",""
"090782","norway","FCFS","","","","","","","1","1","01/01/2020","","",""
"090783","norway","FCFS","","","","","","","1","1","01/01/2020","","",""
"090784","norway","FCFS","","","","","","","1","1","01/01/2020","","",""
"090786","norway","FCFS","","","","","","","1","1","01/01/2020","","",""
"090787","norway","FCFS","","","","","","","1","1","01/01/2020","","",""
"090815","norway","FCFS","","","","","","","1","1","01/01/2020","","",""
"090816","norway","FCFS","","","","","","","1","1","01/01/2020","","",""
"090817","norway","FCFS","","","","","","","1","1","01/01/2020","","",""
"090818","norway","FCFS","","","","","","","1","1","01/01/2020","","",""
"090819","norway","FCFS","","","","","","","1","1","01/01/2020","","",""
"090820","norway","FCFS","","","","","","","1","1","01/01/2020","","",""
"090821","norway","FCFS","","","","","","","1","1","01/01/2020","","",""
"090822","norway","FCFS","","","","","","","1","1","01/01/2020","","",""
"090823","norway","FCFS","","","","","","","1","1","01/01/2020","","",""
"090824","norway","FCFS","","","","","","","1","1","01/01/2020","","",""
"090825","norway","FCFS","","","","","","","1","1","01/01/2020","","",""
"090826","norway","FCFS","","","","","","","1","1","01/01/2020","","",""
"090827","norway","FCFS","","","","","","","1","1","01/01/2020","","",""
"090828","norway","FCFS","","","","","","","1","1","01/01/2020","","",""
"092121","norway","FCFS","","","","","","","1","1","01/01/2020","","",""
"092122","norway","FCFS","","","","","","","1","1","01/01/2020","","",""
"094179","norway","Licensed","","","","","","","1","1","01/01/2020","","",""
"094228","norway","Licensed","","","","","","","1","1","01/01/2020","","",""
"094229","norway","Licensed","","","","","","","1","1","01/01/2020","","",""
"091831","mexico","FCFS","","","","","","","1","1","01/01/2020","","",""
"091833","mexico","FCFS","","","","","","","1","1","01/01/2020","","",""
"091834","mexico","FCFS","","","","","","","1","1","01/01/2020","","",""
"091835","mexico","FCFS","","","","","","","1","1","01/01/2020","","",""
"091837","mexico","FCFS","","","","","","","1","1","01/01/2020","","",""
"091839","mexico","FCFS","","","","","","","1","1","01/01/2020","","",""
"091841","mexico","FCFS","","","","","","","1","1","01/01/2020","","",""
"091843","mexico","FCFS","","","","","","","1","1","01/01/2020","","",""
"091845","mexico","FCFS","","","","","","","1","1","01/01/2020","","",""
"091849","mexico","FCFS","","","","","","","1","1","01/01/2020","","",""
"091851","mexico","FCFS","","","","","","","1","1","01/01/2020","","",""
"091853","mexico","FCFS","","","","","","","1","1","01/01/2020","","",""
"091854","mexico","FCFS","","","","","","","1","1","01/01/2020","","",""
"091855","mexico","FCFS","","","","","","","1","1","01/01/2020","","",""
"091857","mexico","FCFS","","","","","","","1","1","01/01/2020","","",""
"091859","mexico","FCFS","","","","","","","1","1","01/01/2020","","",""
"091861","mexico","FCFS","","","","","","","1","1","01/01/2020","","",""
"091863","mexico","FCFS","","","","","","","1","1","01/01/2020","","",""
"091865","mexico","FCFS","","","","","","","1","1","01/01/2020","","",""
"091867","mexico","FCFS","","","","","","","1","1","01/01/2020","","",""
"091875","mexico","FCFS","","","","","","","1","1","01/01/2020","","",""
"091877","mexico","FCFS","","","","","","","1","1","01/01/2020","","",""
"091879","mexico","FCFS","","","","","","","1","1","01/01/2020","","",""
"091881","mexico","FCFS","","","","","","","1","1","01/01/2020","","",""
"091883","mexico","FCFS","","","","","","","1","1","01/01/2020","","",""
"091885","mexico","FCFS","","","","","","","1","1","01/01/2020","","",""
"091887","mexico","FCFS","","","","","","","1","1","01/01/2020","","",""
"096800","moldova","FCFS","","","","","","","1","1","01/01/2020","","",""
"096801","moldova","FCFS","","","","","","","1","1","01/01/2020","","",""
"096802","moldova","FCFS","","","","","","","1","1","01/01/2020","","",""
"096803","moldova","FCFS","","","","","","","1","1","01/01/2020","","",""
"096804","moldova","FCFS","","","","","","","1","1","01/01/2020","","",""
"096805","moldova","FCFS","","","","","","","1","1","01/01/2020","","",""
"090094","morocco","FCFS","","","","","","","1","1","01/01/2020","","",""
"091100","morocco","FCFS","","","","","","","1","1","01/01/2020","","",""
"091101","morocco","FCFS","","","","","","","1","1","01/01/2020","","",""
"091103","morocco","FCFS","","","","","","","1","1","01/01/2020","","",""
"091104","morocco","FCFS","","","","","","","1","1","01/01/2020","","",""
"091118","morocco","FCFS","","","","","","","1","1","01/01/2020","","",""
"091130","morocco","FCFS","","","","","","","1","1","01/01/2020","","",""
"091133","morocco","FCFS","","","","","","","1","1","01/01/2020","","",""
"091137","morocco","FCFS","","","","","","","1","1","01/01/2020","","",""
"091193","morocco","FCFS","","","","","","","1","1","01/01/2020","","",""
"091514","montenegro","FCFS","","","","","","","1","1","01/01/2020","","",""
"091516","montenegro","FCFS","","","","","","","1","1","01/01/2020","","",""
"091518","montenegro","FCFS","","","","","","","1","1","01/01/2020","","",""
"091520","montenegro","FCFS","","","","","","","1","1","01/01/2020","","",""
"091522","montenegro","FCFS","","","","","","","1","1","01/01/2020","","",""
"091524","montenegro","FCFS","","","","","","","1","1","01/01/2020","","",""
"091525","montenegro","FCFS","","","","","","","1","1","01/01/2020","","",""
"091530","montenegro","FCFS","","","","","","","1","1","01/01/2020","","",""
"094199","montenegro","Licensed","","","","","","","1","1","01/01/2020","","",""
"091801","sadc","FCFS","","","","","","","1","1","01/01/2020","","",""
"091802","sadc","FCFS","","","","","","","1","1","01/01/2020","","",""
"091804","sadc","FCFS","","","","","","","1","1","01/01/2020","","",""
"091806","sadc","FCFS","","","","","","","1","1","01/01/2020","","",""
"091808","sadc","FCFS","","","","","","","1","1","01/01/2020","","",""
"091818","sadc","FCFS","","","","","","","1","1","01/01/2020","","",""
"091820","sadc","FCFS","","","","","","","1","1","01/01/2020","","",""
"091822","sadc","FCFS","","","","","","","1","1","01/01/2020","","",""
"091824","sadc","FCFS","","","","","","","1","1","01/01/2020","","",""
"091826","sadc","FCFS","","","","","","","1","1","01/01/2020","","",""
"091829","sadc","FCFS","","","","","","","1","1","01/01/2020","","",""
"091830","sadc","FCFS","","","","","","","1","1","01/01/2020","","",""
"091892","sadc","FCFS","","","","","","","1","1","01/01/2020","","",""
"091893","sadc","FCFS","","","","","","","1","1","01/01/2020","","",""
"091894","sadc","FCFS","","","","","","","1","1","01/01/2020","","",""
"092450","southkorea","FCFS","","","","","","","1","1","01/01/2020","","Y",""
"092451","southkorea","FCFS","","","","","","","1","1","01/01/2020","","Y",""
"092452","southkorea","FCFS","","","","","","","1","1","01/01/2020","","Y",""
"092453","southkorea","FCFS","","","","","","","1","1","01/01/2020","","Y",""
"092454","southkorea","FCFS","","","","","","","1","1","01/01/2020","","Y",""
"092455","southkorea","FCFS","","","","","","","1","1","01/01/2020","","Y",""
"092456","southkorea","FCFS","","","","","","","1","1","01/01/2020","","Y",""
"092457","southkorea","FCFS","","","","","","","1","1","01/01/2020","","Y",""
"092458","southkorea","FCFS","","","","","","","1","1","01/01/2020","","Y",""
"092459","southkorea","FCFS","","","","","","","1","1","01/01/2020","","Y",""
"092460","southkorea","FCFS","","","","","","","1","1","01/01/2020","","Y",""
"092461","southkorea","FCFS","","","","","","","1","1","01/01/2020","","Y",""
"097014","nicaragua","FCFS","","","","","","","1","1","01/01/2020","","Y",""
"097015","nicaragua","FCFS","","","","","","","1","1","01/01/2020","","Y",""
"097016","nicaragua","FCFS","","","","","","","1","1","01/01/2020","","Y",""
"097105","nicaragua","FCFS","","","","","","","1","1","01/01/2020","","Y",""
"097106","nicaragua","FCFS","","","","","","","1","1","01/01/2020","","Y",""
"097107","nicaragua","FCFS","","","","","","","1","1","01/01/2020","","Y",""
"097108","nicaragua","FCFS","","","","","","","1","1","01/01/2020","","Y",""
"097109","nicaragua","FCFS","","","","","","","1","1","01/01/2020","","Y",""
"097110","nicaragua","FCFS","","","","","","","1","1","01/01/2020","","Y",""
"097111","nicaragua","FCFS","","","","","","","1","1","01/01/2020","","Y",""
"097112","nicaragua","FCFS","","","","","","","1","1","01/01/2020","","Y",""
"097113","nicaragua","FCFS","","","","","","","1","1","01/01/2020","","Y",""
"097114","nicaragua","FCFS","","","","","","","1","1","01/01/2020","","Y",""
"097115","nicaragua","FCFS","","","","","","","1","1","01/01/2020","","Y",""
"097116","nicaragua","FCFS","","","","","","","1","1","01/01/2020","","Y",""
"097117","nicaragua","FCFS","","","","","","","1","1","01/01/2020","","Y",""
"097118","nicaragua","FCFS","","","","","","","1","1","01/01/2020","","Y",""
"097119","nicaragua","FCFS","","","","","","","1","1","01/01/2020","","Y",""
"097120","nicaragua","FCFS","","","","","","","1","1","01/01/2020","","Y",""
"097121","nicaragua","FCFS","","","","","","","1","1","01/01/2020","","Y",""
"097122","nicaragua","FCFS","","","","","","","1","1","01/01/2020","","Y",""
"097123","nicaragua","FCFS","","","","","","","1","1","01/01/2020","","Y",""
"097124","nicaragua","FCFS","","","","","","","1","1","01/01/2020","","Y",""
"097125","nicaragua","FCFS","","","","","","","1","1","01/01/2020","","Y",""
"097126","nicaragua","FCFS","","","","","","","1","1","01/01/2020","","Y",""
"097127","nicaragua","FCFS","","","","","","","1","1","01/01/2020","","Y",""
"097128","nicaragua","FCFS","","","","","","","1","1","01/01/2020","","Y",""
"097129","nicaragua","FCFS","","","","","","","1","1","01/01/2020","","Y",""
"097130","nicaragua","FCFS","","","","","","","1","1","01/01/2020","","Y",""
"097131","nicaragua","FCFS","","","","","","","1","1","01/01/2020","","Y",""
"097132","nicaragua","FCFS","","","","","","","1","1","01/01/2020","","Y",""
"097133","nicaragua","FCFS","","","","","","","1","1","01/01/2020","","Y",""
"097134","nicaragua","FCFS","","","","","","","1","1","01/01/2020","","Y",""
"097135","nicaragua","FCFS","","","","","","","1","1","01/01/2020","","Y",""
"097136","nicaragua","FCFS","","","","","","","1","1","01/01/2020","","Y",""
"097137","nicaragua","FCFS","","","","","","","1","1","01/01/2020","","Y",""
"097138","nicaragua","FCFS","","","","","","","1","1","01/01/2020","","Y",""
"097300","nicaragua","FCFS","","","","","","","1","1","01/01/2020","","",""
"097301","nicaragua","FCFS","","","","","","","1","1","01/01/2020","","",""
"097302","nicaragua","FCFS","","","","","","","1","1","01/01/2020","","",""
"097303","nicaragua","FCFS","","","","","","","1","1","01/01/2020","","",""
"097304","nicaragua","FCFS","","","","","","","1","1","01/01/2020","","",""
"097305","nicaragua","FCFS","","","","","","","1","1","01/01/2020","","",""
"097306","nicaragua","FCFS","","","","","","","1","1","01/01/2020","","",""
"097307","nicaragua","FCFS","","","","","","","1","1","01/01/2020","","",""
"097315","nicaragua","FCFS","","","","","","","1","1","01/01/2020","","",""
"097014","honduras","FCFS","","","","","","","1","1","01/01/2020","","Y",""
"097015","honduras","FCFS","","","","","","","1","1","01/01/2020","","Y",""
"097016","honduras","FCFS","","","","","","","1","1","01/01/2020","","Y",""
"097052","honduras","FCFS","","","","","","","1","1","01/01/2020","","Y",""
"097053","honduras","FCFS","","","","","","","1","1","01/01/2020","","Y",""
"097054","honduras","FCFS","","","","","","","1","1","01/01/2020","","Y",""
"097055","honduras","FCFS","","","","","","","1","1","01/01/2020","","Y",""
"097056","honduras","FCFS","","","","","","","1","1","01/01/2020","","Y",""
"097057","honduras","FCFS","","","","","","","1","1","01/01/2020","","Y",""
"097058","honduras","FCFS","","","","","","","1","1","01/01/2020","","Y",""
"097059","honduras","FCFS","","","","","","","1","1","01/01/2020","","Y",""
"097060","honduras","FCFS","","","","","","","1","1","01/01/2020","","Y",""
"097300","honduras","FCFS","","","","","","","1","1","01/01/2020","","",""
"097301","honduras","FCFS","","","","","","","1","1","01/01/2020","","",""
"097302","honduras","FCFS","","","","","","","1","1","01/01/2020","","",""
"097303","honduras","FCFS","","","","","","","1","1","01/01/2020","","",""
"097304","honduras","FCFS","","","","","","","1","1","01/01/2020","","",""
"097305","honduras","FCFS","","","","","","","1","1","01/01/2020","","",""
"097306","honduras","FCFS","","","","","","","1","1","01/01/2020","","",""
"097307","honduras","FCFS","","","","","","","1","1","01/01/2020","","",""
"097014","panama","FCFS","","","","","","","1","1","01/01/2020","","Y",""
"097015","panama","FCFS","","","","","","","1","1","01/01/2020","","Y",""
"097016","panama","FCFS","","","","","","","1","1","01/01/2020","","Y",""
"097061","panama","FCFS","","","","","","","1","1","01/01/2020","","Y",""
"097062","panama","FCFS","","","","","","","1","1","01/01/2020","","Y",""
"097063","panama","FCFS","","","","","","","1","1","01/01/2020","","Y",""
"097064","panama","FCFS","","","","","","","1","1","01/01/2020","","Y",""
"097065","panama","FCFS","","","","","","","1","1","01/01/2020","","Y",""
"097066","panama","FCFS","","","","","","","1","1","01/01/2020","","Y",""
"097067","panama","FCFS","","","","","","","1","1","01/01/2020","","Y",""
"097068","panama","FCFS","","","","","","","1","1","01/01/2020","","Y",""
"097069","panama","FCFS","","","","","","","1","1","01/01/2020","","Y",""
"097070","panama","FCFS","","","","","","","1","1","01/01/2020","","Y",""
"097071","panama","FCFS","","","","","","","1","1","01/01/2020","","Y",""
"097072","panama","FCFS","","","","","","","1","1","01/01/2020","","Y",""
"097073","panama","FCFS","","","","","","","1","1","01/01/2020","","Y",""
"097074","panama","FCFS","","","","","","","1","1","01/01/2020","","Y",""
"097300","panama","FCFS","","","","","","","1","1","01/01/2020","","",""
"097301","panama","FCFS","","","","","","","1","1","01/01/2020","","",""
"097302","panama","FCFS","","","","","","","1","1","01/01/2020","","",""
"097303","panama","FCFS","","","","","","","1","1","01/01/2020","","",""
"097304","panama","FCFS","","","","","","","1","1","01/01/2020","","",""
"097305","panama","FCFS","","","","","","","1","1","01/01/2020","","",""
"097306","panama","FCFS","","","","","","","1","1","01/01/2020","","",""
"097307","panama","FCFS","","","","","","","1","1","01/01/2020","","",""
"097310","panama","FCFS","","","","","","","1","1","01/01/2020","","",""
"097311","panama","FCFS","","","","","","","1","1","01/01/2020","","",""
"097014","costarica","FCFS","","","","","","","1","1","01/01/2020","","Y",""
"097015","costarica","FCFS","","","","","","","1","1","01/01/2020","","Y",""
"097016","costarica","FCFS","","","","","","","1","1","01/01/2020","","Y",""
"097017","costarica","FCFS","","","","","","","1","1","01/01/2020","","Y",""
"097018","costarica","FCFS","","","","","","","1","1","01/01/2020","","Y",""
"097019","costarica","FCFS","","","","","","","1","1","01/01/2020","","Y",""
"097020","costarica","FCFS","","","","","","","1","1","01/01/2020","","Y",""
"097021","costarica","FCFS","","","","","","","1","1","01/01/2020","","Y",""
"097022","costarica","FCFS","","","","","","","1","1","01/01/2020","","Y",""
"097023","costarica","FCFS","","","","","","","1","1","01/01/2020","","Y",""
"097024","costarica","FCFS","","","","","","","1","1","01/01/2020","","Y",""
"097025","costarica","FCFS","","","","","","","1","1","01/01/2020","","Y",""
"097026","costarica","FCFS","","","","","","","1","1","01/01/2020","","Y",""
"097027","costarica","FCFS","","","","","","","1","1","01/01/2020","","Y",""
"097028","costarica","FCFS","","","","","","","1","1","01/01/2020","","Y",""
"097029","costarica","FCFS","","","","","","","1","1","01/01/2020","","Y",""
"097030","costarica","FCFS","","","","","","","1","1","01/01/2020","","Y",""
"097031","costarica","FCFS","","","","","","","1","1","01/01/2020","","Y",""
"097032","costarica","FCFS","","","","","","","1","1","01/01/2020","","Y",""
"097033","costarica","FCFS","","","","","","","1","1","01/01/2020","","Y",""
"097034","costarica","FCFS","","","","","","","1","1","01/01/2020","","Y",""
"097035","costarica","FCFS","","","","","","","1","1","01/01/2020","","Y",""
"097036","costarica","FCFS","","","","","","","1","1","01/01/2020","","Y",""
"097037","costarica","FCFS","","","","","","","1","1","01/01/2020","","Y",""
"097038","costarica","FCFS","","","","","","","1","1","01/01/2020","","Y",""
"097039","costarica","FCFS","","","","","","","1","1","01/01/2020","","Y",""
"097040","costarica","FCFS","","","","","","","1","1","01/01/2020","","Y",""
"097041","costarica","FCFS","","","","","","","1","1","01/01/2020","","Y",""
"097042","costarica","FCFS","","","","","","","1","1","01/01/2020","","Y",""
"097043","costarica","FCFS","","","","","","","1","1","01/01/2020","","Y",""
"097044","costarica","FCFS","","","","","","","1","1","01/01/2020","","Y",""
"097045","costarica","FCFS","","","","","","","1","1","01/01/2020","","Y",""
"097046","costarica","FCFS","","","","","","","1","1","01/01/2020","","Y",""
"097300","costarica","FCFS","","","","","","","1","1","01/01/2020","","",""
"097301","costarica","FCFS","","","","","","","1","1","01/01/2020","","",""
"097302","costarica","FCFS","","","","","","","1","1","01/01/2020","","",""
"097303","costarica","FCFS","","","","","","","1","1","01/01/2020","","",""
"097304","costarica","FCFS","","","","","","","1","1","01/01/2020","","",""
"097305","costarica","FCFS","","","","","","","1","1","01/01/2020","","",""
"097306","costarica","FCFS","","","","","","","1","1","01/01/2020","","",""
"097307","costarica","FCFS","","","","","","","1","1","01/01/2020","","",""
"097014","elsalvador","FCFS","","","","","","","1","1","01/01/2020","","Y",""
"097015","elsalvador","FCFS","","","","","","","1","1","01/01/2020","","Y",""
"097016","elsalvador","FCFS","","","","","","","1","1","01/01/2020","","Y",""
"097075","elsalvador","FCFS","","","","","","","1","1","01/01/2020","","Y",""
"097076","elsalvador","FCFS","","","","","","","1","1","01/01/2020","","Y",""
"097078","elsalvador","FCFS","","","","","","","1","1","01/01/2020","","Y",""
"097079","elsalvador","FCFS","","","","","","","1","1","01/01/2020","","Y",""
"097080","elsalvador","FCFS","","","","","","","1","1","01/01/2020","","Y",""
"097081","elsalvador","FCFS","","","","","","","1","1","01/01/2020","","Y",""
"097082","elsalvador","FCFS","","","","","","","1","1","01/01/2020","","Y",""
"097083","elsalvador","FCFS","","","","","","","1","1","01/01/2020","","Y",""
"097084","elsalvador","FCFS","","","","","","","1","1","01/01/2020","","Y",""
"097085","elsalvador","FCFS","","","","","","","1","1","01/01/2020","","Y",""
"097086","elsalvador","FCFS","","","","","","","1","1","01/01/2020","","Y",""
"097087","elsalvador","FCFS","","","","","","","1","1","01/01/2020","","Y",""
"097088","elsalvador","FCFS","","","","","","","1","1","01/01/2020","","Y",""
"097089","elsalvador","FCFS","","","","","","","1","1","01/01/2020","","Y",""
"097090","elsalvador","FCFS","","","","","","","1","1","01/01/2020","","Y",""
"097091","elsalvador","FCFS","","","","","","","1","1","01/01/2020","","Y",""
"097092","elsalvador","FCFS","","","","","","","1","1","01/01/2020","","Y",""
"097093","elsalvador","FCFS","","","","","","","1","1","01/01/2020","","Y",""
"097094","elsalvador","FCFS","","","","","","","1","1","01/01/2020","","Y",""
"097095","elsalvador","FCFS","","","","","","","1","1","01/01/2020","","Y",""
"097096","elsalvador","FCFS","","","","","","","1","1","01/01/2020","","Y",""
"097097","elsalvador","FCFS","","","","","","","1","1","01/01/2020","","Y",""
"097098","elsalvador","FCFS","","","","","","","1","1","01/01/2020","","Y",""
"097099","elsalvador","FCFS","","","","","","","1","1","01/01/2020","","Y",""
"097100","elsalvador","FCFS","","","","","","","1","1","01/01/2020","","Y",""
"097101","elsalvador","FCFS","","","","","","","1","1","01/01/2020","","Y",""
"097102","elsalvador","FCFS","","","","","","","1","1","01/01/2020","","Y",""
"097103","elsalvador","FCFS","","","","","","","1","1","01/01/2020","","Y",""
"097300","elsalvador","FCFS","","","","","","","1","1","01/01/2020","","",""
"097301","elsalvador","FCFS","","","","","","","1","1","01/01/2020","","",""
"097302","elsalvador","FCFS","","","","","","","1","1","01/01/2020","","",""
"097303","elsalvador","FCFS","","","","","","","1","1","01/01/2020","","",""
"097304","elsalvador","FCFS","","","","","","","1","1","01/01/2020","","",""
"097305","elsalvador","FCFS","","","","","","","1","1","01/01/2020","","",""
"097306","elsalvador","FCFS","","","","","","","1","1","01/01/2020","","",""
"097307","elsalvador","FCFS","","","","","","","1","1","01/01/2020","","",""
"090202","turkey","FCFS","","","","","","","1","1","01/01/2020","","",""
"090204","turkey","FCFS","","","","","","","1","1","01/01/2020","","",""
"090206","turkey","FCFS","","","","","","","1","1","01/01/2020","","",""
"090208","turkey","FCFS","","","","","","","1","1","01/01/2020","","",""
"090211","turkey","FCFS","","","","","","","1","1","01/01/2020","","",""
"090212","turkey","FCFS","","","","","","","1","1","01/01/2020","","",""
"090213","turkey","FCFS","","","","","","","1","1","01/01/2020","","",""
"090214","turkey","FCFS","","","","","","","1","1","01/01/2020","","",""
"090215","turkey","FCFS","","","","","","","1","1","01/01/2020","","",""
"090219","turkey","FCFS","","","","","","","1","1","01/01/2020","","",""
"090221","turkey","FCFS","","","","","","","1","1","01/01/2020","","",""
"090223","turkey","FCFS","","","","","","","1","1","01/01/2020","","",""
"090225","turkey","FCFS","","","","","","","1","1","01/01/2020","","",""
"090227","turkey","FCFS","","","","","","","1","1","01/01/2020","","",""
"090243","turkey","FCFS","","","","","","","1","1","01/01/2020","","",""
"090244","turkey","FCFS","","","","","","","1","1","01/01/2020","","",""
"092131","turkey","FCFS","","","","","","","1","1","01/01/2020","","",""
"092132","turkey","FCFS","","","","","","","1","1","01/01/2020","","",""
"094270","ukraine","Licensed","","","","","","","1","1","01/01/2020","","",""
"094271","ukraine","Licensed","","","","","","","1","1","01/01/2020","","",""
"094272","ukraine","Licensed","","","","","","","1","1","01/01/2020","","",""
"094273","ukraine","Licensed","","","","","","","1","1","01/01/2020","","",""
"094274","ukraine","Licensed","","","","","","","1","1","01/01/2020","","",""
"094275","ukraine","Licensed","","","","","","","1","1","01/01/2020","","",""
"094276","ukraine","Licensed","","","","","","","1","1","01/01/2020","","",""
"094277","ukraine","Licensed","","","","","","","1","1","01/01/2020","","",""
"094278","ukraine","Licensed","","","","","","","1","1","01/01/2020","","",""
"094279","ukraine","Licensed","","","","","","","1","1","01/01/2020","","",""
"094306","ukraine","Licensed","","","","","","","1","1","01/01/2020","","",""
"094307","ukraine","Licensed","","","","","","","1","1","01/01/2020","","",""
"094308","ukraine","Licensed","","","","","","","1","1","01/01/2020","","",""
"094600","ukraine","Licensed","","","","","","","1","1","01/01/2020","","",""
"094601","ukraine","Licensed","","","","","","","1","1","01/01/2020","","",""
"094602","ukraine","Licensed","","","","","","","1","1","01/01/2020","","",""
"096700","ukraine","FCFS","","","","","","","1","1","01/01/2020","","",""
"096701","ukraine","FCFS","","","","","","","1","1","01/01/2020","","",""
"096702","ukraine","FCFS","","","","","","","1","1","01/01/2020","","",""
"096703","ukraine","FCFS","","","","","","","1","1","01/01/2020","","",""
"096704","ukraine","FCFS","","","","","","","1","1","01/01/2020","","",""
"096705","ukraine","FCFS","","","","","","","1","1","01/01/2020","","",""
"096706","ukraine","FCFS","","","","","","","1","1","01/01/2020","","",""
"096707","ukraine","FCFS","","","","","","","1","1","01/01/2020","","",""
"096708","ukraine","FCFS","","","","","","","1","1","01/01/2020","","",""
"096709","ukraine","FCFS","","","","","","","1","1","01/01/2020","","",""
"096710","ukraine","FCFS","","","","","","","1","1","01/01/2020","","",""
"096711","ukraine","FCFS","","","","","","","1","1","01/01/2020","","",""
"096712","ukraine","FCFS","","","","","","","1","1","01/01/2020","","",""
"096713","ukraine","FCFS","","","","","","","1","1","01/01/2020","","",""
"096714","ukraine","FCFS","","","","","","","1","1","01/01/2020","","",""
"096715","ukraine","FCFS","","","","","","","1","1","01/01/2020","","",""
"096716","ukraine","FCFS","","","","","","","1","1","01/01/2020","","",""
"096717","ukraine","FCFS","","","","","","","1","1","01/01/2020","","",""
"096718","ukraine","FCFS","","","","","","","1","1","01/01/2020","","",""
"096719","ukraine","FCFS","","","","","","","1","1","01/01/2020","","",""
"096720","ukraine","FCFS","","","","","","","1","1","01/01/2020","","",""
"096721","ukraine","FCFS","","","","","","","1","1","01/01/2020","","",""
"096722","ukraine","FCFS","","","","","","","1","1","01/01/2020","","",""
"096723","ukraine","FCFS","","","","","","","1","1","01/01/2020","","",""
"096724","ukraine","FCFS","","","","","","","1","1","01/01/2020","","",""
"096725","ukraine","FCFS","","","","","","","1","1","01/01/2020","","",""
"096726","ukraine","FCFS","","","","","","","1","1","01/01/2020","","",""
"096750","ukraine","FCFS","","","","","","","1","1","01/01/2020","","",""
"096751","ukraine","FCFS","","","","","","","1","1","01/01/2020","","",""
"096752","ukraine","FCFS","","","","","","","1","1","01/01/2020","","",""
"096753","ukraine","FCFS","","","","","","","1","1","01/01/2020","","",""
"096754","ukraine","FCFS","","","","","","","1","1","01/01/2020","","",""
"090700","iceland","FCFS","","","","","","","1","1","01/01/2020","","",""
"090790","iceland","FCFS","","","","","","","1","1","01/01/2020","","",""
"090792","iceland","FCFS","","","","","","","1","1","01/01/2020","","",""
"090793","iceland","FCFS","","","","","","","1","1","01/01/2020","","",""
"090794","iceland","FCFS","","","","","","","1","1","01/01/2020","","",""
"090795","iceland","FCFS","","","","","","","1","1","01/01/2020","","",""
"090796","iceland","FCFS","","","","","","","1","1","01/01/2020","","",""
"090797","iceland","FCFS","","","","","","","1","1","01/01/2020","","",""
"090798","iceland","FCFS","","","","","","","1","1","01/01/2020","","",""
"090799","iceland","FCFS","","","","","","","1","1","01/01/2020","","",""
"090810","iceland","FCFS","","","","","","","1","1","01/01/2020","","",""
"090811","iceland","FCFS","","","","","","","1","1","01/01/2020","","",""
"090812","iceland","FCFS","","","","","","","1","1","01/01/2020","","",""
"090830","iceland","FCFS","","","","","","","1","1","01/01/2020","","",""
"090831","iceland","FCFS","","","","","","","1","1","01/01/2020","","",""
"090832","iceland","FCFS","","","","","","","1","1","01/01/2020","","",""
"090833","iceland","FCFS","","","","","","","1","1","01/01/2020","","",""
"092118","iceland","FCFS","","","","","","","1","1","01/01/2020","","",""
"092119","iceland","FCFS","","","","","","","1","1","01/01/2020","","",""
"092120","iceland","FCFS","","","","","","","1","1","01/01/2020","","",""
"094205","iceland","Licensed","","","","","","","1","1","01/01/2020","","",""
"094206","iceland","Licensed","","","","","","","1","1","01/01/2020","","",""
"094225","iceland","Licensed","","","","","","","1","1","01/01/2020","","",""
"094226","iceland","Licensed","","","","","","","1","1","01/01/2020","","",""
"094227","iceland","Licensed","","","","","","","1","1","01/01/2020","","",""
"090055","tunisia","FCFS","","","","","","","1","1","01/01/2020","","",""
"090092","tunisia","FCFS","","","","","","","1","1","01/01/2020","","",""
"090093","tunisia","FCFS","","","","","","","1","1","01/01/2020","","",""
"091201","tunisia","FCFS","","","","","","","1","1","01/01/2020","","",""
"091203","tunisia","FCFS","","","","","","","1","1","01/01/2020","","",""
"091205","tunisia","FCFS","","","","","","","1","1","01/01/2020","","",""
"091207","tunisia","FCFS","","","","","","","1","1","01/01/2020","","",""
"091209","tunisia","FCFS","","","","","","","1","1","01/01/2020","","",""
"091211","tunisia","FCFS","","","","","","","1","1","01/01/2020","","",""
"091213","tunisia","FCFS","","","","","","","1","1","01/01/2020","","",""
"091215","tunisia","FCFS","","","","","","","1","1","01/01/2020","","",""
"091217","tunisia","FCFS","","","","","","","1","1","01/01/2020","","",""
"091218","tunisia","FCFS","","","","","","","1","1","01/01/2020","","",""
"091219","tunisia","FCFS","","","","","","","1","1","01/01/2020","","",""
"091220","tunisia","FCFS","","","","","","","1","1","01/01/2020","","",""
"094032","tunisia","Licensed","","","","","","","1","1","01/01/2020","","",""
"091506","kosovo","FCFS","","","","","","","1","1","01/01/2020","","",""
"091508","kosovo","FCFS","","","","","","","1","1","01/01/2020","","",""
"091530","kosovo","FCFS","","","","","","","1","1","01/01/2020","","",""
"091560","kosovo","FCFS","","","","","","","1","1","01/01/2020","","",""
"091570","kosovo","FCFS","","","","","","","1","1","01/01/2020","","",""
"091571","kosovo","FCFS","","","","","","","1","1","01/01/2020","","",""
"091572","kosovo","FCFS","","","","","","","1","1","01/01/2020","","",""
"091573","kosovo","FCFS","","","","","","","1","1","01/01/2020","","",""
"091575","kosovo","FCFS","","","","","","","1","1","01/01/2020","","",""
"091577","kosovo","FCFS","","","","","","","1","1","01/01/2020","","",""
"094200","kosovo","Licensed","","","","","","","1","1","01/01/2020","","",""
"094326","kosovo","Licensed","","","","","","","1","1","01/01/2020","","",""
"091526","serbia","FCFS","","","","","","","1","1","01/01/2020","","",""
"091527","serbia","FCFS","","","","","","","1","1","01/01/2020","","",""
"091530","serbia","FCFS","","","","","","","1","1","01/01/2020","","",""
"091545","serbia","FCFS","","","","","","","1","1","01/01/2020","","",""
"091546","serbia","FCFS","","","","","","","1","1","01/01/2020","","",""
"091592","serbia","FCFS","","","","","","","1","1","01/01/2020","","",""
"094198","serbia","Licensed","","","","","","","1","1","01/01/2020","","",""
"094326","serbia","Licensed","","","","","","","1","1","01/01/2020","","",""
"097047","guatemala","FCFS","","","","","","","1","1","01/01/2020","","",""
"097048","guatemala","FCFS","","","","","","","1","1","01/01/2020","","",""
"097049","guatemala","FCFS","","","","","","","1","1","01/01/2020","","",""
"097050","guatemala","FCFS","","","","","","","1","1","01/01/2020","","",""
"097051","guatemala","FCFS","","","","","","","1","1","01/01/2020","","",""
"091600","namibia","FCFS","","","","","","","1","1","01/01/2020","","",""

