"72081000","098201","EU","0.00","","","","",""
"72082500","098201","EU","0.00","","","","",""
"72082600","098201","EU","0.00","","","","",""
"72082700","098201","EU","0.00","","","","",""
"72083600","098201","EU","0.00","","","","",""
"72083700","098201","EU","0.00","","","","",""
"72083800","098201","EU","0.00","","","","",""
"72083900","098201","EU","0.00","","","","",""
"72084000","098201","EU","0.00","","","","",""
"72085210","098201","EU","0.00","","","","",""
"72085299","098201","EU","0.00","","","","",""
"72085310","098201","EU","0.00","","","","",""
"72085390","098201","EU","0.00","","","","",""
"72085400","098201","EU","0.00","","","","",""
"72111300","098201","EU","0.00","","","","",""
"72111400","098201","EU","0.00","","","","",""
"72111900","098201","EU","0.00","","","","",""
"72126000","098201","EU","0.00","","","","",""
"72251910","098201","EU","0.00","","","","",""
"72253010","098201","EU","0.00","","","","",""
"72253030","098201","EU","0.00","","","","",""
"72253090","098201","EU","0.00","","","","",""
"72254015","098201","EU","0.00","","","","",""
"72254090","098201","EU","0.00","","","","",""
"72261910","098201","EU","0.00","","","","",""
"72269120","098201","EU","0.00","","","","",""
"72269191","098201","EU","0.00","","","","",""
"72269199","098201","EU","0.00","","","","",""
"72081000","098202","TR","0.00","","","","",""
"72082500","098202","TR","0.00","","","","",""
"72082600","098202","TR","0.00","","","","",""
"72082700","098202","TR","0.00","","","","",""
"72083600","098202","TR","0.00","","","","",""
"72083700","098202","TR","0.00","","","","",""
"72083800","098202","TR","0.00","","","","",""
"72083900","098202","TR","0.00","","","","",""
"72084000","098202","TR","0.00","","","","",""
"72085210","098202","TR","0.00","","","","",""
"72085299","098202","TR","0.00","","","","",""
"72085310","098202","TR","0.00","","","","",""
"72085390","098202","TR","0.00","","","","",""
"72085400","098202","TR","0.00","","","","",""
"72111300","098202","TR","0.00","","","","",""
"72111400","098202","TR","0.00","","","","",""
"72111900","098202","TR","0.00","","","","",""
"72126000","098202","TR","0.00","","","","",""
"72251910","098202","TR","0.00","","","","",""
"72253010","098202","TR","0.00","","","","",""
"72253030","098202","TR","0.00","","","","",""
"72253090","098202","TR","0.00","","","","",""
"72254015","098202","TR","0.00","","","","",""
"72254090","098202","TR","0.00","","","","",""
"72261910","098202","TR","0.00","","","","",""
"72269120","098202","TR","0.00","","","","",""
"72269191","098202","TR","0.00","","","","",""
"72269199","098202","TR","0.00","","","","",""
"72081000","098602","5002","0.00","","","","",""
"72082500","098602","5002","0.00","","","","",""
"72082600","098602","5002","0.00","","","","",""
"72082700","098602","5002","0.00","","","","",""
"72083600","098602","5002","0.00","","","","",""
"72083700","098602","5002","0.00","","","","",""
"72083800","098602","5002","0.00","","","","",""
"72083900","098602","5002","0.00","","","","",""
"72084000","098602","5002","0.00","","","","",""
"72085210","098602","5002","0.00","","","","",""
"72085299","098602","5002","0.00","","","","",""
"72085310","098602","5002","0.00","","","","",""
"72085390","098602","5002","0.00","","","","",""
"72085400","098602","5002","0.00","","","","",""
"72111300","098602","5002","0.00","","","","",""
"72111400","098602","5002","0.00","","","","",""
"72111900","098602","5002","0.00","","","","",""
"72126000","098602","5002","0.00","","","","",""
"72251910","098602","5002","0.00","","","","",""
"72253010","098602","5002","0.00","","","","",""
"72253030","098602","5002","0.00","","","","",""
"72253090","098602","5002","0.00","","","","",""
"72254015","098602","5002","0.00","","","","",""
"72254090","098602","5002","0.00","","","","",""
"72261910","098602","5002","0.00","","","","",""
"72269120","098602","5002","0.00","","","","",""
"72269191","098602","5002","0.00","","","","",""
"72269199","098602","5002","0.00","","","","",""
"72091500","098203","EU","0.00","","","","",""
"72091690","098203","EU","0.00","","","","",""
"72091790","098203","EU","0.00","","","","",""
"72091891","098203","EU","0.00","","","","",""
"72092500","098203","EU","0.00","","","","",""
"72092690","098203","EU","0.00","","","","",""
"72092790","098203","EU","0.00","","","","",""
"72092890","098203","EU","0.00","","","","",""
"72099020","098203","EU","0.00","","","","",""
"72099080","098203","EU","0.00","","","","",""
"72112320","098203","EU","0.00","","","","",""
"72112330","098203","EU","0.00","","","","",""
"72112380","098203","EU","0.00","","","","",""
"72112900","098203","EU","0.00","","","","",""
"72119020","098203","EU","0.00","","","","",""
"72119080","098203","EU","0.00","","","","",""
"72255020","098203","EU","0.00","","","","",""
"72255080","098203","EU","0.00","","","","",""
"72262000","098203","EU","0.00","","","","",""
"72269200","098203","EU","0.00","","","","",""
"72091500","098802","KR","0.00","","","","",""
"72091690","098802","KR","0.00","","","","",""
"72091790","098802","KR","0.00","","","","",""
"72091891","098802","KR","0.00","","","","",""
"72092500","098802","KR","0.00","","","","",""
"72092690","098802","KR","0.00","","","","",""
"72092790","098802","KR","0.00","","","","",""
"72092890","098802","KR","0.00","","","","",""
"72099020","098802","KR","0.00","","","","",""
"72099080","098802","KR","0.00","","","","",""
"72112320","098802","KR","0.00","","","","",""
"72112330","098802","KR","0.00","","","","",""
"72112380","098802","KR","0.00","","","","",""
"72112900","098802","KR","0.00","","","","",""
"72119020","098802","KR","0.00","","","","",""
"72119080","098802","KR","0.00","","","","",""
"72255020","098802","KR","0.00","","","","",""
"72255080","098802","KR","0.00","","","","",""
"72262000","098802","KR","0.00","","","","",""
"72269200","098802","KR","0.00","","","","",""
"72091500","098801","IN","0.00","","","","",""
"72091690","098801","IN","0.00","","","","",""
"72091790","098801","IN","0.00","","","","",""
"72091891","098801","IN","0.00","","","","",""
"72092500","098801","IN","0.00","","","","",""
"72092690","098801","IN","0.00","","","","",""
"72092790","098801","IN","0.00","","","","",""
"72092890","098801","IN","0.00","","","","",""
"72099020","098801","IN","0.00","","","","",""
"72099080","098801","IN","0.00","","","","",""
"72112320","098801","IN","0.00","","","","",""
"72112330","098801","IN","0.00","","","","",""
"72112380","098801","IN","0.00","","","","",""
"72112900","098801","IN","0.00","","","","",""
"72119020","098801","IN","0.00","","","","",""
"72119080","098801","IN","0.00","","","","",""
"72255020","098801","IN","0.00","","","","",""
"72255080","098801","IN","0.00","","","","",""
"72262000","098801","IN","0.00","","","","",""
"72269200","098801","IN","0.00","","","","",""
"72091500","098604","5002","0.00","","","","",""
"72091690","098604","5002","0.00","","","","",""
"72091790","098604","5002","0.00","","","","",""
"72091891","098604","5002","0.00","","","","",""
"72092500","098604","5002","0.00","","","","",""
"72092690","098604","5002","0.00","","","","",""
"72092790","098604","5002","0.00","","","","",""
"72092890","098604","5002","0.00","","","","",""
"72099020","098604","5002","0.00","","","","",""
"72099080","098604","5002","0.00","","","","",""
"72112320","098604","5002","0.00","","","","",""
"72112330","098604","5002","0.00","","","","",""
"72112380","098604","5002","0.00","","","","",""
"72112900","098604","5002","0.00","","","","",""
"72119020","098604","5002","0.00","","","","",""
"72119080","098604","5002","0.00","","","","",""
"72255020","098604","5002","0.00","","","","",""
"72255080","098604","5002","0.00","","","","",""
"72262000","098604","5002","0.00","","","","",""
"72269200","098604","5002","0.00","","","","",""
"72107080","098204","EU","0.00","","","","",""
"72124080","098204","EU","0.00","","","","",""
"72107080","098827","KR","0.00","","","","",""
"72124080","098827","KR","0.00","","","","",""
"72107080","098614","5002","0.00","","","","",""
"72124080","098614","5002","0.00","","","","",""
"72091899","098205","EU","0.00","","","","",""
"72101100","098205","EU","0.00","","","","",""
"72101220","098205","EU","0.00","","","","",""
"72101280","098205","EU","0.00","","","","",""
"72105000","098205","EU","0.00","","","","",""
"72107010","098205","EU","0.00","","","","",""
"72109040","098205","EU","0.00","","","","",""
"72121010","098205","EU","0.00","","","","",""
"72121090","098205","EU","0.00","","","","",""
"72124020","098205","EU","0.00","","","","",""
"72091899","098831","CN","0.00","","","","",""
"72101100","098831","CN","0.00","","","","",""
"72101220","098831","CN","0.00","","","","",""
"72101280","098831","CN","0.00","","","","",""
"72105000","098831","CN","0.00","","","","",""
"72107010","098831","CN","0.00","","","","",""
"72109040","098831","CN","0.00","","","","",""
"72121010","098831","CN","0.00","","","","",""
"72121090","098831","CN","0.00","","","","",""
"72124020","098831","CN","0.00","","","","",""
"72091899","098616","5002","0.00","","","","",""
"72101100","098616","5002","0.00","","","","",""
"72101220","098616","5002","0.00","","","","",""
"72101280","098616","5002","0.00","","","","",""
"72105000","098616","5002","0.00","","","","",""
"72107010","098616","5002","0.00","","","","",""
"72109040","098616","5002","0.00","","","","",""
"72121010","098616","5002","0.00","","","","",""
"72121090","098616","5002","0.00","","","","",""
"72124020","098616","5002","0.00","","","","",""
"72085120","098206","EU","0.00","","","","",""
"72085191","098206","EU","0.00","","","","",""
"72085198","098206","EU","0.00","","","","",""
"72085291","098206","EU","0.00","","","","",""
"72089020","098206","EU","0.00","","","","",""
"72089080","098206","EU","0.00","","","","",""
"72109030","098206","EU","0.00","","","","",""
"72254012","098206","EU","0.00","","","","",""
"72254040","098206","EU","0.00","","","","",""
"72254060","098206","EU","0.00","","","","",""
"72085120","098836","UA","0.00","","","","",""
"72085191","098836","UA","0.00","","","","",""
"72085198","098836","UA","0.00","","","","",""
"72085291","098836","UA","0.00","","","","",""
"72089020","098836","UA","0.00","","","","",""
"72089080","098836","UA","0.00","","","","",""
"72109030","098836","UA","0.00","","","","",""
"72254012","098836","UA","0.00","","","","",""
"72254040","098836","UA","0.00","","","","",""
"72254060","098836","UA","0.00","","","","",""
"72085120","098618","5002","0.00","","","","",""
"72085191","098618","5002","0.00","","","","",""
"72085198","098618","5002","0.00","","","","",""
"72085291","098618","5002","0.00","","","","",""
"72089020","098618","5002","0.00","","","","",""
"72089080","098618","5002","0.00","","","","",""
"72109030","098618","5002","0.00","","","","",""
"72254012","098618","5002","0.00","","","","",""
"72254040","098618","5002","0.00","","","","",""
"72254060","098618","5002","0.00","","","","",""
"72143000","098207","EU","0.00","","","","",""
"72149110","098207","EU","0.00","","","","",""
"72149190","098207","EU","0.00","","","","",""
"72149931","098207","EU","0.00","","","","",""
"72149939","098207","EU","0.00","","","","",""
"72149950","098207","EU","0.00","","","","",""
"72149971","098207","EU","0.00","","","","",""
"72149979","098207","EU","0.00","","","","",""
"72149995","098207","EU","0.00","","","","",""
"72159000","098207","EU","0.00","","","","",""
"72161000","098207","EU","0.00","","","","",""
"72162100","098207","EU","0.00","","","","",""
"72162200","098207","EU","0.00","","","","",""
"72164010","098207","EU","0.00","","","","",""
"72164090","098207","EU","0.00","","","","",""
"72165010","098207","EU","0.00","","","","",""
"72165091","098207","EU","0.00","","","","",""
"72165099","098207","EU","0.00","","","","",""
"72169900","098207","EU","0.00","","","","",""
"72281020","098207","EU","0.00","","","","",""
"72282010","098207","EU","0.00","","","","",""
"72282091","098207","EU","0.00","","","","",""
"72283020","098207","EU","0.00","","","","",""
"72283041","098207","EU","0.00","","","","",""
"72283049","098207","EU","0.00","","","","",""
"72283061","098207","EU","0.00","","","","",""
"72283069","098207","EU","0.00","","","","",""
"72283070","098207","EU","0.00","","","","",""
"72283089","098207","EU","0.00","","","","",""
"72286020","098207","EU","0.00","","","","",""
"72286080","098207","EU","0.00","","","","",""
"72287010","098207","EU","0.00","","","","",""
"72287090","098207","EU","0.00","","","","",""
"72288000","098207","EU","0.00","","","","",""
"72143000","098862","TR","0.00","","","","",""
"72149110","098862","TR","0.00","","","","",""
"72149190","098862","TR","0.00","","","","",""
"72149931","098862","TR","0.00","","","","",""
"72149939","098862","TR","0.00","","","","",""
"72149950","098862","TR","0.00","","","","",""
"72149971","098862","TR","0.00","","","","",""
"72149979","098862","TR","0.00","","","","",""
"72149995","098862","TR","0.00","","","","",""
"72159000","098862","TR","0.00","","","","",""
"72161000","098862","TR","0.00","","","","",""
"72162100","098862","TR","0.00","","","","",""
"72162200","098862","TR","0.00","","","","",""
"72164010","098862","TR","0.00","","","","",""
"72164090","098862","TR","0.00","","","","",""
"72165010","098862","TR","0.00","","","","",""
"72165091","098862","TR","0.00","","","","",""
"72165099","098862","TR","0.00","","","","",""
"72169900","098862","TR","0.00","","","","",""
"72281020","098862","TR","0.00","","","","",""
"72282010","098862","TR","0.00","","","","",""
"72282091","098862","TR","0.00","","","","",""
"72283020","098862","TR","0.00","","","","",""
"72283041","098862","TR","0.00","","","","",""
"72283049","098862","TR","0.00","","","","",""
"72283061","098862","TR","0.00","","","","",""
"72283069","098862","TR","0.00","","","","",""
"72283070","098862","TR","0.00","","","","",""
"72283089","098862","TR","0.00","","","","",""
"72286020","098862","TR","0.00","","","","",""
"72286080","098862","TR","0.00","","","","",""
"72287010","098862","TR","0.00","","","","",""
"72287090","098862","TR","0.00","","","","",""
"72288000","098862","TR","0.00","","","","",""
"72143000","098626","5002","0.00","","","","",""
"72149110","098626","5002","0.00","","","","",""
"72149190","098626","5002","0.00","","","","",""
"72149931","098626","5002","0.00","","","","",""
"72149939","098626","5002","0.00","","","","",""
"72149950","098626","5002","0.00","","","","",""
"72149971","098626","5002","0.00","","","","",""
"72149979","098626","5002","0.00","","","","",""
"72149995","098626","5002","0.00","","","","",""
"72159000","098626","5002","0.00","","","","",""
"72161000","098626","5002","0.00","","","","",""
"72162100","098626","5002","0.00","","","","",""
"72162200","098626","5002","0.00","","","","",""
"72164010","098626","5002","0.00","","","","",""
"72164090","098626","5002","0.00","","","","",""
"72165010","098626","5002","0.00","","","","",""
"72165091","098626","5002","0.00","","","","",""
"72165099","098626","5002","0.00","","","","",""
"72169900","098626","5002","0.00","","","","",""
"72281020","098626","5002","0.00","","","","",""
"72282010","098626","5002","0.00","","","","",""
"72282091","098626","5002","0.00","","","","",""
"72283020","098626","5002","0.00","","","","",""
"72283041","098626","5002","0.00","","","","",""
"72283049","098626","5002","0.00","","","","",""
"72283061","098626","5002","0.00","","","","",""
"72283069","098626","5002","0.00","","","","",""
"72283070","098626","5002","0.00","","","","",""
"72283089","098626","5002","0.00","","","","",""
"72286020","098626","5002","0.00","","","","",""
"72286080","098626","5002","0.00","","","","",""
"72287010","098626","5002","0.00","","","","",""
"72287090","098626","5002","0.00","","","","",""
"72288000","098626","5002","0.00","","","","",""
"72221111","098210","EU","0.00","","","","",""
"72221119","098210","EU","0.00","","","","",""
"72221181","098210","EU","0.00","","","","",""
"72221189","098210","EU","0.00","","","","",""
"72221910","098210","EU","0.00","","","","",""
"72221990","098210","EU","0.00","","","","",""
"72222011","098210","EU","0.00","","","","",""
"72222019","098210","EU","0.00","","","","",""
"72222021","098210","EU","0.00","","","","",""
"72222029","098210","EU","0.00","","","","",""
"72222031","098210","EU","0.00","","","","",""
"72222039","098210","EU","0.00","","","","",""
"72222081","098210","EU","0.00","","","","",""
"72222089","098210","EU","0.00","","","","",""
"72223051","098210","EU","0.00","","","","",""
"72223091","098210","EU","0.00","","","","",""
"72223097","098210","EU","0.00","","","","",""
"72224010","098210","EU","0.00","","","","",""
"72224050","098210","EU","0.00","","","","",""
"72224090","098210","EU","0.00","","","","",""
"72221111","098630","5002","0.00","","","","",""
"72221119","098630","5002","0.00","","","","",""
"72221181","098630","5002","0.00","","","","",""
"72221189","098630","5002","0.00","","","","",""
"72221910","098630","5002","0.00","","","","",""
"72221990","098630","5002","0.00","","","","",""
"72222011","098630","5002","0.00","","","","",""
"72222019","098630","5002","0.00","","","","",""
"72222021","098630","5002","0.00","","","","",""
"72222029","098630","5002","0.00","","","","",""
"72222031","098630","5002","0.00","","","","",""
"72222039","098630","5002","0.00","","","","",""
"72222081","098630","5002","0.00","","","","",""
"72222089","098630","5002","0.00","","","","",""
"72223051","098630","5002","0.00","","","","",""
"72223091","098630","5002","0.00","","","","",""
"72223097","098630","5002","0.00","","","","",""
"72224010","098630","5002","0.00","","","","",""
"72224050","098630","5002","0.00","","","","",""
"72224090","098630","5002","0.00","","","","",""
"72210010","098211","EU","0.00","","","","",""
"72210090","098211","EU","0.00","","","","",""
"72210010","098877","TW","0.00","","","","",""
"72210090","098877","TW","0.00","","","","",""
"72210010","098212","US","0.00","","","","",""
"72210090","098212","US","0.00","","","","",""
"72210010","098878","KR","0.00","","","","",""
"72210090","098878","KR","0.00","","","","",""
"72210010","098632","5002","0.00","","","","",""
"72210090","098632","5002","0.00","","","","",""
"72131000","098213","EU","0.00","","","","",""
"72132000","098213","EU","0.00","","","","",""
"72139110","098213","EU","0.00","","","","",""
"72139120","098213","EU","0.00","","","","",""
"72139141","098213","EU","0.00","","","","",""
"72139149","098213","EU","0.00","","","","",""
"72139170","098213","EU","0.00","","","","",""
"72139190","098213","EU","0.00","","","","",""
"72139910","098213","EU","0.00","","","","",""
"72139990","098213","EU","0.00","","","","",""
"72271000","098213","EU","0.00","","","","",""
"72272000","098213","EU","0.00","","","","",""
"72279010","098213","EU","0.00","","","","",""
"72279050","098213","EU","0.00","","","","",""
"72279095","098213","EU","0.00","","","","",""
"72131000","098634","5002","0.00","","","","",""
"72132000","098634","5002","0.00","","","","",""
"72139110","098634","5002","0.00","","","","",""
"72139120","098634","5002","0.00","","","","",""
"72139141","098634","5002","0.00","","","","",""
"72139149","098634","5002","0.00","","","","",""
"72139170","098634","5002","0.00","","","","",""
"72139190","098634","5002","0.00","","","","",""
"72139910","098634","5002","0.00","","","","",""
"72139990","098634","5002","0.00","","","","",""
"72271000","098634","5002","0.00","","","","",""
"72272000","098634","5002","0.00","","","","",""
"72279010","098634","5002","0.00","","","","",""
"72279050","098634","5002","0.00","","","","",""
"72279095","098634","5002","0.00","","","","",""
"72163110","098214","EU","0.00","","","","",""
"72163190","098214","EU","0.00","","","","",""
"72163211","098214","EU","0.00","","","","",""
"72163219","098214","EU","0.00","","","","",""
"72163291","098214","EU","0.00","","","","",""
"72163299","098214","EU","0.00","","","","",""
"72163310","098214","EU","0.00","","","","",""
"72163390","098214","EU","0.00","","","","",""
"72163110","098636","5002","0.00","","","","",""
"72163190","098636","5002","0.00","","","","",""
"72163211","098636","5002","0.00","","","","",""
"72163219","098636","5002","0.00","","","","",""
"72163291","098636","5002","0.00","","","","",""
"72163299","098636","5002","0.00","","","","",""
"72163310","098636","5002","0.00","","","","",""
"72163390","098636","5002","0.00","","","","",""
"73021022","098215","EU","0.00","","","","",""
"73021028","098215","EU","0.00","","","","",""
"73021040","098215","EU","0.00","","","","",""
"73021050","098215","EU","0.00","","","","",""
"73024000","098215","EU","0.00","","","","",""
"73021022","098907","CN","0.00","","","","",""
"73021028","098907","CN","0.00","","","","",""
"73021040","098907","CN","0.00","","","","",""
"73021050","098907","CN","0.00","","","","",""
"73024000","098907","CN","0.00","","","","",""
"73021022","098640","5002","0.00","","","","",""
"73021028","098640","5002","0.00","","","","",""
"73021040","098640","5002","0.00","","","","",""
"73021050","098640","5002","0.00","","","","",""
"73024000","098640","5002","0.00","","","","",""
"7306304100","098911","TR","0.00","","","","",""
"7306304900","098911","TR","0.00","","","","",""
"7306307200","098911","TR","0.00","","","","",""
"7306307700","098911","TR","0.00","","","","",""
"7306304100","098216","EU","0.00","","","","",""
"7306304900","098216","EU","0.00","","","","",""
"7306307200","098216","EU","0.00","","","","",""
"7306307700","098216","EU","0.00","","","","",""
"7306304100","098912","IN","0.00","","","","",""
"7306304900","098912","IN","0.00","","","","",""
"7306307200","098912","IN","0.00","","","","",""
"7306307700","098912","IN","0.00","","","","",""
"7306304100","098642","5002","0.00","","","","",""
"7306304900","098642","5002","0.00","","","","",""
"7306307200","098642","5002","0.00","","","","",""
"7306307700","098642","5002","0.00","","","","",""
"73066110","098916","TR","0.00","","","","",""
"73066192","098916","TR","0.00","","","","",""
"73066199","098916","TR","0.00","","","","",""
"73066110","098217","EU","0.00","","","","",""
"73066192","098217","EU","0.00","","","","",""
"73066199","098217","EU","0.00","","","","",""
"73066110","098644","5002","0.00","","","","",""
"73066192","098644","5002","0.00","","","","",""
"73066199","098644","5002","0.00","","","","",""
"73051100","098218","EU","0.00","","","","",""
"73051200","098218","EU","0.00","","","","",""
"73051900","098218","EU","0.00","","","","",""
"73052000","098218","EU","0.00","","","","",""
"73053100","098218","EU","0.00","","","","",""
"73053900","098218","EU","0.00","","","","",""
"73059000","098218","EU","0.00","","","","",""
"73051100","098219","KR","0.00","","","","",""
"73051200","098219","KR","0.00","","","","",""
"73051900","098219","KR","0.00","","","","",""
"73052000","098219","KR","0.00","","","","",""
"73053100","098219","KR","0.00","","","","",""
"73053900","098219","KR","0.00","","","","",""
"73059000","098219","KR","0.00","","","","",""
"73051100","098220","JP","0.00","","","","",""
"73051200","098220","JP","0.00","","","","",""
"73051900","098220","JP","0.00","","","","",""
"73052000","098220","JP","0.00","","","","",""
"73053100","098220","JP","0.00","","","","",""
"73053900","098220","JP","0.00","","","","",""
"73059000","098220","JP","0.00","","","","",""
"73051100","098650","5002","0.00","","","","",""
"73051200","098650","5002","0.00","","","","",""
"73051900","098650","5002","0.00","","","","",""
"73052000","098650","5002","0.00","","","","",""
"73053100","098650","5002","0.00","","","","",""
"73053900","098650","5002","0.00","","","","",""
"73059000","098650","5002","0.00","","","","",""
"73061110","098221","EU","0.00","","","","",""
"73061190","098221","EU","0.00","","","","",""
"73061910","098221","EU","0.00","","","","",""
"73061990","098221","EU","0.00","","","","",""
"73062100","098221","EU","0.00","","","","",""
"73062900","098221","EU","0.00","","","","",""
"73063011","098221","EU","0.00","","","","",""
"73063019","098221","EU","0.00","","","","",""
"73063080","098221","EU","0.00","","","","",""
"73064020","098221","EU","0.00","","","","",""
"73064080","098221","EU","0.00","","","","",""
"73065020","098221","EU","0.00","","","","",""
"73065080","098221","EU","0.00","","","","",""
"73066910","098221","EU","0.00","","","","",""
"73066990","098221","EU","0.00","","","","",""
"73069000","098221","EU","0.00","","","","",""
"73061110","098948","AE","0.00","","","","",""
"73061190","098948","AE","0.00","","","","",""
"73061910","098948","AE","0.00","","","","",""
"73061990","098948","AE","0.00","","","","",""
"73062100","098948","AE","0.00","","","","",""
"73062900","098948","AE","0.00","","","","",""
"73063011","098948","AE","0.00","","","","",""
"73063019","098948","AE","0.00","","","","",""
"73063080","098948","AE","0.00","","","","",""
"73064020","098948","AE","0.00","","","","",""
"73064080","098948","AE","0.00","","","","",""
"73065020","098948","AE","0.00","","","","",""
"73065080","098948","AE","0.00","","","","",""
"73066910","098948","AE","0.00","","","","",""
"73066990","098948","AE","0.00","","","","",""
"73069000","098948","AE","0.00","","","","",""
"73061110","098947","TR","0.00","","","","",""
"73061190","098947","TR","0.00","","","","",""
"73061910","098947","TR","0.00","","","","",""
"73061990","098947","TR","0.00","","","","",""
"73062100","098947","TR","0.00","","","","",""
"73062900","098947","TR","0.00","","","","",""
"73063011","098947","TR","0.00","","","","",""
"73063019","098947","TR","0.00","","","","",""
"73063080","098947","TR","0.00","","","","",""
"73064020","098947","TR","0.00","","","","",""
"73064080","098947","TR","0.00","","","","",""
"73065020","098947","TR","0.00","","","","",""
"73065080","098947","TR","0.00","","","","",""
"73066910","098947","TR","0.00","","","","",""
"73066990","098947","TR","0.00","","","","",""
"73069000","098947","TR","0.00","","","","",""
"73061110","098222","NO","0.00","","","","",""
"73061190","098222","NO","0.00","","","","",""
"73061910","098222","NO","0.00","","","","",""
"73061990","098222","NO","0.00","","","","",""
"73062100","098222","NO","0.00","","","","",""
"73062900","098222","NO","0.00","","","","",""
"73063011","098222","NO","0.00","","","","",""
"73063019","098222","NO","0.00","","","","",""
"73063080","098222","NO","0.00","","","","",""
"73064020","098222","NO","0.00","","","","",""
"73064080","098222","NO","0.00","","","","",""
"73065020","098222","NO","0.00","","","","",""
"73065080","098222","NO","0.00","","","","",""
"73066910","098222","NO","0.00","","","","",""
"73066990","098222","NO","0.00","","","","",""
"73069000","098222","NO","0.00","","","","",""
"73061110","098949","CN","0.00","","","","",""
"73061190","098949","CN","0.00","","","","",""
"73061910","098949","CN","0.00","","","","",""
"73061990","098949","CN","0.00","","","","",""
"73062100","098949","CN","0.00","","","","",""
"73062900","098949","CN","0.00","","","","",""
"73063011","098949","CN","0.00","","","","",""
"73063019","098949","CN","0.00","","","","",""
"73063080","098949","CN","0.00","","","","",""
"73064020","098949","CN","0.00","","","","",""
"73064080","098949","CN","0.00","","","","",""
"73065020","098949","CN","0.00","","","","",""
"73065080","098949","CN","0.00","","","","",""
"73066910","098949","CN","0.00","","","","",""
"73066990","098949","CN","0.00","","","","",""
"73069000","098949","CN","0.00","","","","",""
"73061110","098652","5002","0.00","","","","",""
"73061190","098652","5002","0.00","","","","",""
"73061910","098652","5002","0.00","","","","",""
"73061990","098652","5002","0.00","","","","",""
"73062100","098652","5002","0.00","","","","",""
"73062900","098652","5002","0.00","","","","",""
"73063011","098652","5002","0.00","","","","",""
"73063019","098652","5002","0.00","","","","",""
"73063080","098652","5002","0.00","","","","",""
"73064020","098652","5002","0.00","","","","",""
"73064080","098652","5002","0.00","","","","",""
"73065020","098652","5002","0.00","","","","",""
"73065080","098652","5002","0.00","","","","",""
"73066910","098652","5002","0.00","","","","",""
"73066990","098652","5002","0.00","","","","",""
"73069000","098652","5002","0.00","","","","",""
"72151000","098223","EU","0.00","","","","",""
"72155011","098223","EU","0.00","","","","",""
"72155019","098223","EU","0.00","","","","",""
"72155080","098223","EU","0.00","","","","",""
"72281090","098223","EU","0.00","","","","",""
"72282099","098223","EU","0.00","","","","",""
"72285020","098223","EU","0.00","","","","",""
"72285040","098223","EU","0.00","","","","",""
"72285061","098223","EU","0.00","","","","",""
"72285069","098223","EU","0.00","","","","",""
"72285080","098223","EU","0.00","","","","",""
"72151000","098224","TR","0.00","","","","",""
"72155011","098224","TR","0.00","","","","",""
"72155019","098224","TR","0.00","","","","",""
"72155080","098224","TR","0.00","","","","",""
"72281090","098224","TR","0.00","","","","",""
"72282099","098224","TR","0.00","","","","",""
"72285020","098224","TR","0.00","","","","",""
"72285040","098224","TR","0.00","","","","",""
"72285061","098224","TR","0.00","","","","",""
"72285069","098224","TR","0.00","","","","",""
"72285080","098224","TR","0.00","","","","",""
"72151000","098956","RU","0.00","","","","",""
"72155011","098956","RU","0.00","","","","",""
"72155019","098956","RU","0.00","","","","",""
"72155080","098956","RU","0.00","","","","",""
"72281090","098956","RU","0.00","","","","",""
"72282099","098956","RU","0.00","","","","",""
"72285020","098956","RU","0.00","","","","",""
"72285040","098956","RU","0.00","","","","",""
"72285061","098956","RU","0.00","","","","",""
"72285069","098956","RU","0.00","","","","",""
"72285080","098956","RU","0.00","","","","",""
"72151000","098654","5002","0.00","","","","",""
"72155011","098654","5002","0.00","","","","",""
"72155019","098654","5002","0.00","","","","",""
"72155080","098654","5002","0.00","","","","",""
"72281090","098654","5002","0.00","","","","",""
"72282099","098654","5002","0.00","","","","",""
"72285020","098654","5002","0.00","","","","",""
"72285040","098654","5002","0.00","","","","",""
"72285061","098654","5002","0.00","","","","",""
"72285069","098654","5002","0.00","","","","",""
"72285080","098654","5002","0.00","","","","",""
"72171010","098225","EU","0.00","","","","",""
"72171031","098225","EU","0.00","","","","",""
"72171039","098225","EU","0.00","","","","",""
"72171050","098225","EU","0.00","","","","",""
"72171090","098225","EU","0.00","","","","",""
"72172010","098225","EU","0.00","","","","",""
"72172030","098225","EU","0.00","","","","",""
"72172050","098225","EU","0.00","","","","",""
"72172090","098225","EU","0.00","","","","",""
"72173041","098225","EU","0.00","","","","",""
"72173049","098225","EU","0.00","","","","",""
"72173050","098225","EU","0.00","","","","",""
"72173090","098225","EU","0.00","","","","",""
"72179020","098225","EU","0.00","","","","",""
"72179050","098225","EU","0.00","","","","",""
"72179090","098225","EU","0.00","","","","",""
"72171010","098964","TR","0.00","","","","",""
"72171031","098964","TR","0.00","","","","",""
"72171039","098964","TR","0.00","","","","",""
"72171050","098964","TR","0.00","","","","",""
"72171090","098964","TR","0.00","","","","",""
"72172010","098964","TR","0.00","","","","",""
"72172030","098964","TR","0.00","","","","",""
"72172050","098964","TR","0.00","","","","",""
"72172090","098964","TR","0.00","","","","",""
"72173041","098964","TR","0.00","","","","",""
"72173049","098964","TR","0.00","","","","",""
"72173050","098964","TR","0.00","","","","",""
"72173090","098964","TR","0.00","","","","",""
"72179020","098964","TR","0.00","","","","",""
"72179050","098964","TR","0.00","","","","",""
"72179090","098964","TR","0.00","","","","",""
"72171010","098962","CN","0.00","","","","",""
"72171031","098962","CN","0.00","","","","",""
"72171039","098962","CN","0.00","","","","",""
"72171050","098962","CN","0.00","","","","",""
"72171090","098962","CN","0.00","","","","",""
"72172010","098962","CN","0.00","","","","",""
"72172030","098962","CN","0.00","","","","",""
"72172050","098962","CN","0.00","","","","",""
"72172090","098962","CN","0.00","","","","",""
"72173041","098962","CN","0.00","","","","",""
"72173049","098962","CN","0.00","","","","",""
"72173050","098962","CN","0.00","","","","",""
"72173090","098962","CN","0.00","","","","",""
"72179020","098962","CN","0.00","","","","",""
"72179050","098962","CN","0.00","","","","",""
"72179090","098962","CN","0.00","","","","",""
"72171010","098226","TH","0.00","","","","",""
"72171031","098226","TH","0.00","","","","",""
"72171039","098226","TH","0.00","","","","",""
"72171050","098226","TH","0.00","","","","",""
"72171090","098226","TH","0.00","","","","",""
"72172010","098226","TH","0.00","","","","",""
"72172030","098226","TH","0.00","","","","",""
"72172050","098226","TH","0.00","","","","",""
"72172090","098226","TH","0.00","","","","",""
"72173041","098226","TH","0.00","","","","",""
"72173049","098226","TH","0.00","","","","",""
"72173050","098226","TH","0.00","","","","",""
"72173090","098226","TH","0.00","","","","",""
"72179020","098226","TH","0.00","","","","",""
"72179050","098226","TH","0.00","","","","",""
"72179090","098226","TH","0.00","","","","",""
"72171010","098227","ZA","0.00","","","","",""
"72171031","098227","ZA","0.00","","","","",""
"72171039","098227","ZA","0.00","","","","",""
"72171050","098227","ZA","0.00","","","","",""
"72171090","098227","ZA","0.00","","","","",""
"72172010","098227","ZA","0.00","","","","",""
"72172030","098227","ZA","0.00","","","","",""
"72172050","098227","ZA","0.00","","","","",""
"72172090","098227","ZA","0.00","","","","",""
"72173041","098227","ZA","0.00","","","","",""
"72173049","098227","ZA","0.00","","","","",""
"72173050","098227","ZA","0.00","","","","",""
"72173090","098227","ZA","0.00","","","","",""
"72179020","098227","ZA","0.00","","","","",""
"72179050","098227","ZA","0.00","","","","",""
"72179090","098227","ZA","0.00","","","","",""
"72171010","098656","5002","0.00","","","","",""
"72171031","098656","5002","0.00","","","","",""
"72171039","098656","5002","0.00","","","","",""
"72171050","098656","5002","0.00","","","","",""
"72171090","098656","5002","0.00","","","","",""
"72172010","098656","5002","0.00","","","","",""
"72172030","098656","5002","0.00","","","","",""
"72172050","098656","5002","0.00","","","","",""
"72172090","098656","5002","0.00","","","","",""
"72173041","098656","5002","0.00","","","","",""
"72173049","098656","5002","0.00","","","","",""
"72173050","098656","5002","0.00","","","","",""
"72173090","098656","5002","0.00","","","","",""
"72179020","098656","5002","0.00","","","","",""
"72179050","098656","5002","0.00","","","","",""
"72179090","098656","5002","0.00","","","","",""
"7210410020","098228","EU","0.00","","","","",""
"7210490020","098228","EU","0.00","","","","",""
"7210610020","098228","EU","0.00","","","","",""
"7210690020","098228","EU","0.00","","","","",""
"7212300020","098228","EU","0.00","","","","",""
"7212506120","098228","EU","0.00","","","","",""
"7212506920","098228","EU","0.00","","","","",""
"7225920020","098228","EU","0.00","","","","",""
"7225990011","098228","EU","0.00","","","","",""
"7225990022","098228","EU","0.00","","","","",""
"7225990040","098228","EU","0.00","","","","",""
"7225990091","098228","EU","0.00","","","","",""
"7225990092","098228","EU","0.00","","","","",""
"7226993010","098228","EU","0.00","","","","",""
"7226997011","098228","EU","0.00","","","","",""
"7226997091","098228","EU","0.00","","","","",""
"7226997094","098228","EU","0.00","","","","",""
"7210410020","098229","TW","0.00","","","","",""
"7210490020","098229","TW","0.00","","","","",""
"7210610020","098229","TW","0.00","","","","",""
"7210690020","098229","TW","0.00","","","","",""
"7212300020","098229","TW","0.00","","","","",""
"7212506120","098229","TW","0.00","","","","",""
"7212506920","098229","TW","0.00","","","","",""
"7225920020","098229","TW","0.00","","","","",""
"7225990011","098229","TW","0.00","","","","",""
"7225990022","098229","TW","0.00","","","","",""
"7225990040","098229","TW","0.00","","","","",""
"7225990091","098229","TW","0.00","","","","",""
"7225990092","098229","TW","0.00","","","","",""
"7226993010","098229","TW","0.00","","","","",""
"7226997011","098229","TW","0.00","","","","",""
"7226997091","098229","TW","0.00","","","","",""
"7226997094","098229","TW","0.00","","","","",""
"7210410020","098816","KR","0.00","","","","",""
"7210490020","098816","KR","0.00","","","","",""
"7210610020","098816","KR","0.00","","","","",""
"7210690020","098816","KR","0.00","","","","",""
"7212300020","098816","KR","0.00","","","","",""
"7212506120","098816","KR","0.00","","","","",""
"7212506920","098816","KR","0.00","","","","",""
"7225920020","098816","KR","0.00","","","","",""
"7225990011","098816","KR","0.00","","","","",""
"7225990022","098816","KR","0.00","","","","",""
"7225990040","098816","KR","0.00","","","","",""
"7225990091","098816","KR","0.00","","","","",""
"7225990092","098816","KR","0.00","","","","",""
"7226993010","098816","KR","0.00","","","","",""
"7226997011","098816","KR","0.00","","","","",""
"7226997091","098816","KR","0.00","","","","",""
"7226997094","098816","KR","0.00","","","","",""
"7210410020","098610","5002","0.00","","","","",""
"7210490020","098610","5002","0.00","","","","",""
"7210610020","098610","5002","0.00","","","","",""
"7210690020","098610","5002","0.00","","","","",""
"7212300020","098610","5002","0.00","","","","",""
"7212506120","098610","5002","0.00","","","","",""
"7212506920","098610","5002","0.00","","","","",""
"7225920020","098610","5002","0.00","","","","",""
"7225990011","098610","5002","0.00","","","","",""
"7225990022","098610","5002","0.00","","","","",""
"7225990040","098610","5002","0.00","","","","",""
"7225990091","098610","5002","0.00","","","","",""
"7225990092","098610","5002","0.00","","","","",""
"7226993010","098610","5002","0.00","","","","",""
"7226997011","098610","5002","0.00","","","","",""
"7226997091","098610","5002","0.00","","","","",""
"7226997094","098610","5002","0.00","","","","",""
"7210200010","098230","EU","0.00","","","","",""
"7210200090","098230","EU","0.00","","","","",""
"7210300010","098230","EU","0.00","","","","",""
"7210300090","098230","EU","0.00","","","","",""
"7210410080","098230","EU","0.00","","","","",""
"7210490080","098230","EU","0.00","","","","",""
"7210610080","098230","EU","0.00","","","","",""
"7210690080","098230","EU","0.00","","","","",""
"7210908010","098230","EU","0.00","","","","",""
"7210908091","098230","EU","0.00","","","","",""
"7210908099","098230","EU","0.00","","","","",""
"7212200011","098230","EU","0.00","","","","",""
"7212200019","098230","EU","0.00","","","","",""
"7212200090","098230","EU","0.00","","","","",""
"7212300080","098230","EU","0.00","","","","",""
"7212502011","098230","EU","0.00","","","","",""
"7212502019","098230","EU","0.00","","","","",""
"7212502090","098230","EU","0.00","","","","",""
"7212503011","098230","EU","0.00","","","","",""
"7212503090","098230","EU","0.00","","","","",""
"7212503090","098230","EU","0.00","","","","",""
"7212504011","098230","EU","0.00","","","","",""
"7212504019","098230","EU","0.00","","","","",""
"7212504090","098230","EU","0.00","","","","",""
"7212506180","098230","EU","0.00","","","","",""
"7212506980","098230","EU","0.00","","","","",""
"7212509011","098230","EU","0.00","","","","",""
"7212509013","098230","EU","0.00","","","","",""
"7212509019","098230","EU","0.00","","","","",""
"7225910010","098230","EU","0.00","","","","",""
"7225910090","098230","EU","0.00","","","","",""
"7225920080","098230","EU","0.00","","","","",""
"7225990025","098230","EU","0.00","","","","",""
"7225990095","098230","EU","0.00","","","","",""
"7226991000","098230","EU","0.00","","","","",""
"7226993090","098230","EU","0.00","","","","",""
"7226997019","098230","EU","0.00","","","","",""
"7226997096","098230","EU","0.00","","","","",""
"7210200010","098821","CN","0.00","","","","",""
"7210200090","098821","CN","0.00","","","","",""
"7210300010","098821","CN","0.00","","","","",""
"7210300090","098821","CN","0.00","","","","",""
"7210410080","098821","CN","0.00","","","","",""
"7210490080","098821","CN","0.00","","","","",""
"7210610080","098821","CN","0.00","","","","",""
"7210690080","098821","CN","0.00","","","","",""
"7210908010","098821","CN","0.00","","","","",""
"7210908091","098821","CN","0.00","","","","",""
"7210908099","098821","CN","0.00","","","","",""
"7212200011","098821","CN","0.00","","","","",""
"7212200019","098821","CN","0.00","","","","",""
"7212200090","098821","CN","0.00","","","","",""
"7212300080","098821","CN","0.00","","","","",""
"7212502011","098821","CN","0.00","","","","",""
"7212502019","098821","CN","0.00","","","","",""
"7212502090","098821","CN","0.00","","","","",""
"7212503011","098821","CN","0.00","","","","",""
"7212503090","098821","CN","0.00","","","","",""
"7212503090","098821","CN","0.00","","","","",""
"7212504011","098821","CN","0.00","","","","",""
"7212504019","098821","CN","0.00","","","","",""
"7212504090","098821","CN","0.00","","","","",""
"7212506180","098821","CN","0.00","","","","",""
"7212506980","098821","CN","0.00","","","","",""
"7212509011","098821","CN","0.00","","","","",""
"7212509013","098821","CN","0.00","","","","",""
"7212509019","098821","CN","0.00","","","","",""
"7225910010","098821","CN","0.00","","","","",""
"7225910090","098821","CN","0.00","","","","",""
"7225920080","098821","CN","0.00","","","","",""
"7225990025","098821","CN","0.00","","","","",""
"7225990095","098821","CN","0.00","","","","",""
"7226991000","098821","CN","0.00","","","","",""
"7226993090","098821","CN","0.00","","","","",""
"7226997019","098821","CN","0.00","","","","",""
"7226997096","098821","CN","0.00","","","","",""
"7210200010","098823","IN","0.00","","","","",""
"7210200090","098823","IN","0.00","","","","",""
"7210300010","098823","IN","0.00","","","","",""
"7210300090","098823","IN","0.00","","","","",""
"7210410080","098823","IN","0.00","","","","",""
"7210490080","098823","IN","0.00","","","","",""
"7210610080","098823","IN","0.00","","","","",""
"7210690080","098823","IN","0.00","","","","",""
"7210908010","098823","IN","0.00","","","","",""
"7210908091","098823","IN","0.00","","","","",""
"7210908099","098823","IN","0.00","","","","",""
"7212200011","098823","IN","0.00","","","","",""
"7212200019","098823","IN","0.00","","","","",""
"7212200090","098823","IN","0.00","","","","",""
"7212300080","098823","IN","0.00","","","","",""
"7212502011","098823","IN","0.00","","","","",""
"7212502019","098823","IN","0.00","","","","",""
"7212502090","098823","IN","0.00","","","","",""
"7212503011","098823","IN","0.00","","","","",""
"7212503090","098823","IN","0.00","","","","",""
"7212503090","098823","IN","0.00","","","","",""
"7212504011","098823","IN","0.00","","","","",""
"7212504019","098823","IN","0.00","","","","",""
"7212504090","098823","IN","0.00","","","","",""
"7212506180","098823","IN","0.00","","","","",""
"7212506980","098823","IN","0.00","","","","",""
"7212509011","098823","IN","0.00","","","","",""
"7212509013","098823","IN","0.00","","","","",""
"7212509019","098823","IN","0.00","","","","",""
"7225910010","098823","IN","0.00","","","","",""
"7225910090","098823","IN","0.00","","","","",""
"7225920080","098823","IN","0.00","","","","",""
"7225990025","098823","IN","0.00","","","","",""
"7225990095","098823","IN","0.00","","","","",""
"7226991000","098823","IN","0.00","","","","",""
"7226993090","098823","IN","0.00","","","","",""
"7226997019","098823","IN","0.00","","","","",""
"7226997096","098823","IN","0.00","","","","",""
"7210200010","098231","TR","0.00","","","","",""
"7210200090","098231","TR","0.00","","","","",""
"7210300010","098231","TR","0.00","","","","",""
"7210300090","098231","TR","0.00","","","","",""
"7210410080","098231","TR","0.00","","","","",""
"7210490080","098231","TR","0.00","","","","",""
"7210610080","098231","TR","0.00","","","","",""
"7210690080","098231","TR","0.00","","","","",""
"7210908010","098231","TR","0.00","","","","",""
"7210908091","098231","TR","0.00","","","","",""
"7210908099","098231","TR","0.00","","","","",""
"7212200011","098231","TR","0.00","","","","",""
"7212200019","098231","TR","0.00","","","","",""
"7212200090","098231","TR","0.00","","","","",""
"7212300080","098231","TR","0.00","","","","",""
"7212502011","098231","TR","0.00","","","","",""
"7212502019","098231","TR","0.00","","","","",""
"7212502090","098231","TR","0.00","","","","",""
"7212503011","098231","TR","0.00","","","","",""
"7212503090","098231","TR","0.00","","","","",""
"7212503090","098231","TR","0.00","","","","",""
"7212504011","098231","TR","0.00","","","","",""
"7212504019","098231","TR","0.00","","","","",""
"7212504090","098231","TR","0.00","","","","",""
"7212506180","098231","TR","0.00","","","","",""
"7212506980","098231","TR","0.00","","","","",""
"7212509011","098231","TR","0.00","","","","",""
"7212509013","098231","TR","0.00","","","","",""
"7212509019","098231","TR","0.00","","","","",""
"7225910010","098231","TR","0.00","","","","",""
"7225910090","098231","TR","0.00","","","","",""
"7225920080","098231","TR","0.00","","","","",""
"7225990025","098231","TR","0.00","","","","",""
"7225990095","098231","TR","0.00","","","","",""
"7226991000","098231","TR","0.00","","","","",""
"7226993090","098231","TR","0.00","","","","",""
"7226997019","098231","TR","0.00","","","","",""
"7226997096","098231","TR","0.00","","","","",""
"7210200010","098822","KR","0.00","","","","",""
"7210200090","098822","KR","0.00","","","","",""
"7210300010","098822","KR","0.00","","","","",""
"7210300090","098822","KR","0.00","","","","",""
"7210410080","098822","KR","0.00","","","","",""
"7210490080","098822","KR","0.00","","","","",""
"7210610080","098822","KR","0.00","","","","",""
"7210690080","098822","KR","0.00","","","","",""
"7210908010","098822","KR","0.00","","","","",""
"7210908091","098822","KR","0.00","","","","",""
"7210908099","098822","KR","0.00","","","","",""
"7212200011","098822","KR","0.00","","","","",""
"7212200019","098822","KR","0.00","","","","",""
"7212200090","098822","KR","0.00","","","","",""
"7212300080","098822","KR","0.00","","","","",""
"7212502011","098822","KR","0.00","","","","",""
"7212502019","098822","KR","0.00","","","","",""
"7212502090","098822","KR","0.00","","","","",""
"7212503011","098822","KR","0.00","","","","",""
"7212503090","098822","KR","0.00","","","","",""
"7212503090","098822","KR","0.00","","","","",""
"7212504011","098822","KR","0.00","","","","",""
"7212504019","098822","KR","0.00","","","","",""
"7212504090","098822","KR","0.00","","","","",""
"7212506180","098822","KR","0.00","","","","",""
"7212506980","098822","KR","0.00","","","","",""
"7212509011","098822","KR","0.00","","","","",""
"7212509013","098822","KR","0.00","","","","",""
"7212509019","098822","KR","0.00","","","","",""
"7225910010","098822","KR","0.00","","","","",""
"7225910090","098822","KR","0.00","","","","",""
"7225920080","098822","KR","0.00","","","","",""
"7225990025","098822","KR","0.00","","","","",""
"7225990095","098822","KR","0.00","","","","",""
"7226991000","098822","KR","0.00","","","","",""
"7226993090","098822","KR","0.00","","","","",""
"7226997019","098822","KR","0.00","","","","",""
"7226997096","098822","KR","0.00","","","","",""
"7210200010","098824","TW","0.00","","","","",""
"7210200090","098824","TW","0.00","","","","",""
"7210300010","098824","TW","0.00","","","","",""
"7210300090","098824","TW","0.00","","","","",""
"7210410080","098824","TW","0.00","","","","",""
"7210490080","098824","TW","0.00","","","","",""
"7210610080","098824","TW","0.00","","","","",""
"7210690080","098824","TW","0.00","","","","",""
"7210908010","098824","TW","0.00","","","","",""
"7210908091","098824","TW","0.00","","","","",""
"7210908099","098824","TW","0.00","","","","",""
"7212200011","098824","TW","0.00","","","","",""
"7212200019","098824","TW","0.00","","","","",""
"7212200090","098824","TW","0.00","","","","",""
"7212300080","098824","TW","0.00","","","","",""
"7212502011","098824","TW","0.00","","","","",""
"7212502019","098824","TW","0.00","","","","",""
"7212502090","098824","TW","0.00","","","","",""
"7212503011","098824","TW","0.00","","","","",""
"7212503090","098824","TW","0.00","","","","",""
"7212503090","098824","TW","0.00","","","","",""
"7212504011","098824","TW","0.00","","","","",""
"7212504019","098824","TW","0.00","","","","",""
"7212504090","098824","TW","0.00","","","","",""
"7212506180","098824","TW","0.00","","","","",""
"7212506980","098824","TW","0.00","","","","",""
"7212509011","098824","TW","0.00","","","","",""
"7212509013","098824","TW","0.00","","","","",""
"7212509019","098824","TW","0.00","","","","",""
"7225910010","098824","TW","0.00","","","","",""
"7225910090","098824","TW","0.00","","","","",""
"7225920080","098824","TW","0.00","","","","",""
"7225990025","098824","TW","0.00","","","","",""
"7225990095","098824","TW","0.00","","","","",""
"7226991000","098824","TW","0.00","","","","",""
"7226993090","098824","TW","0.00","","","","",""
"7226997019","098824","TW","0.00","","","","",""
"7226997096","098824","TW","0.00","","","","",""
"7210200010","098612","5002","0.00","","","","",""
"7210200090","098612","5002","0.00","","","","",""
"7210300010","098612","5002","0.00","","","","",""
"7210300090","098612","5002","0.00","","","","",""
"7210410080","098612","5002","0.00","","","","",""
"7210490080","098612","5002","0.00","","","","",""
"7210610080","098612","5002","0.00","","","","",""
"7210690080","098612","5002","0.00","","","","",""
"7210908010","098612","5002","0.00","","","","",""
"7210908091","098612","5002","0.00","","","","",""
"7210908099","098612","5002","0.00","","","","",""
"7212200011","098612","5002","0.00","","","","",""
"7212200019","098612","5002","0.00","","","","",""
"7212200090","098612","5002","0.00","","","","",""
"7212300080","098612","5002","0.00","","","","",""
"7212502011","098612","5002","0.00","","","","",""
"7212502019","098612","5002","0.00","","","","",""
"7212502090","098612","5002","0.00","","","","",""
"7212503011","098612","5002","0.00","","","","",""
"7212503090","098612","5002","0.00","","","","",""
"7212503090","098612","5002","0.00","","","","",""
"7212504011","098612","5002","0.00","","","","",""
"7212504019","098612","5002","0.00","","","","",""
"7212504090","098612","5002","0.00","","","","",""
"7212506180","098612","5002","0.00","","","","",""
"7212506980","098612","5002","0.00","","","","",""
"7212509011","098612","5002","0.00","","","","",""
"7212509013","098612","5002","0.00","","","","",""
"7212509019","098612","5002","0.00","","","","",""
"7225910010","098612","5002","0.00","","","","",""
"7225910090","098612","5002","0.00","","","","",""
"7225920080","098612","5002","0.00","","","","",""
"7225990025","098612","5002","0.00","","","","",""
"7225990095","098612","5002","0.00","","","","",""
"7226991000","098612","5002","0.00","","","","",""
"7226993090","098612","5002","0.00","","","","",""
"7226997019","098612","5002","0.00","","","","",""
"7226997096","098612","5002","0.00","","","","",""

